-- MySQL dump 10.13  Distrib 5.7.42, for Linux (x86_64)
--
-- Host: localhost    Database: mydb
-- ------------------------------------------------------
-- Server version	5.7.42

/*!40101 SET @OLD_CHARACTER_SET_CLIENT=@@CHARACTER_SET_CLIENT */;
/*!40101 SET @OLD_CHARACTER_SET_RESULTS=@@CHARACTER_SET_RESULTS */;
/*!40101 SET @OLD_COLLATION_CONNECTION=@@COLLATION_CONNECTION */;
/*!40101 SET NAMES utf8 */;
/*!40103 SET @OLD_TIME_ZONE=@@TIME_ZONE */;
/*!40103 SET TIME_ZONE='+00:00' */;
/*!40014 SET @OLD_UNIQUE_CHECKS=@@UNIQUE_CHECKS, UNIQUE_CHECKS=0 */;
/*!40014 SET @OLD_FOREIGN_KEY_CHECKS=@@FOREIGN_KEY_CHECKS, FOREIGN_KEY_CHECKS=0 */;
/*!40101 SET @OLD_SQL_MODE=@@SQL_MODE, SQL_MODE='NO_AUTO_VALUE_ON_ZERO' */;
/*!40111 SET @OLD_SQL_NOTES=@@SQL_NOTES, SQL_NOTES=0 */;

--
-- Table structure for table `Booking`
--

DROP TABLE IF EXISTS `Booking`;
/*!40101 SET @saved_cs_client     = @@character_set_client */;
/*!40101 SET character_set_client = utf8 */;
CREATE TABLE `Booking` (
  `booking_id` varchar(20) NOT NULL,
  `customer_id` varchar(20) DEFAULT NULL,
  `room_id` varchar(20) DEFAULT NULL,
  `in_date` datetime DEFAULT NULL,
  `out_date` datetime DEFAULT NULL,
  `price` float DEFAULT NULL,
  `surcharge` float DEFAULT NULL,
  `rating` int(11) DEFAULT NULL,
  PRIMARY KEY (`booking_id`)
) ENGINE=InnoDB DEFAULT CHARSET=latin1;
/*!40101 SET character_set_client = @saved_cs_client */;

--
-- Dumping data for table `Booking`
--

LOCK TABLES `Booking` WRITE;
/*!40000 ALTER TABLE `Booking` DISABLE KEYS */;
INSERT INTO `Booking` VALUES ('OHN000001','KHHN000075','HN509','2021-10-29 00:47:35','2021-10-30 00:47:35',1300000,200000,5),('OHN000002','KHHN000034','HN307','2023-01-10 22:42:34','2023-01-11 22:42:34',4900000,700000,2),('OHN000003','KHHN000097','HN305','2023-04-10 20:09:05','2023-04-11 20:09:05',4900000,700000,5),('OHN000004','KHHN000060','HN206','2020-06-22 01:15:23','2020-06-23 01:15:23',4600000,700000,5),('OHN000005','KHHN000024','HN308','2021-07-27 06:09:02','2021-07-28 06:09:02',4000000,800000,5),('OHN000006','KHHN000035','HN201','2020-08-07 06:19:59','2020-08-08 06:19:59',3200000,400000,5),('OHN000007','KHHN000019','HN508','2020-03-01 09:10:53','2020-03-02 09:10:53',4000000,400000,5),('OHN000008','KHHN000087','HN403','2022-09-21 08:21:03','2022-09-22 08:21:03',1400000,400000,5),('OHN000009','KHHN000071','HN101','2022-10-15 07:25:16','2022-10-16 07:25:16',4700000,700000,1),('OHN000010','KHHN000059','HN103','2021-11-09 00:59:33','2021-11-10 00:59:33',4800000,500000,4),('OHN000011','KHHN000077','HN502','2020-03-02 21:00:46','2020-03-03 21:00:46',3700000,700000,5),('OHN000012','KHHN000015','HN303','2021-06-23 16:42:29','2021-06-24 16:42:29',1700000,800000,3),('OHN000013','KHHN000084','HN307','2021-12-05 06:07:14','2021-12-06 06:07:14',1400000,0,5),('OHN000014','KHHN000023','HN504','2022-06-03 08:29:32','2022-06-04 08:29:32',1600000,200000,3),('OHN000015','KHHN000051','HN409','2021-01-04 00:47:34','2021-01-05 00:47:34',4500000,900000,2),('OHN000016','KHHN000100','HN404','2021-10-17 00:19:06','2021-10-18 00:19:06',2900000,500000,5),('OHN000017','KHHN000026','HN305','2021-10-14 04:41:47','2021-10-15 04:41:47',4300000,700000,5),('OHN000018','KHHN000081','HN206','2022-10-17 14:33:41','2022-10-18 14:33:41',2900000,300000,4),('OHN000019','KHHN000009','HN205','2021-04-21 09:18:48','2021-04-22 09:18:48',2900000,0,5),('OHN000020','KHHN000026','HN202','2021-09-05 10:28:45','2021-09-06 10:28:45',2300000,900000,5),('OHN000021','KHHN000089','HN101','2021-02-13 23:36:29','2021-02-14 23:36:29',2900000,700000,4),('OHN000022','KHHN000077','HN305','2022-01-21 23:36:28','2022-01-22 23:36:28',3100000,900000,4),('OHN000023','KHHN000045','HN507','2020-04-04 13:05:59','2020-04-05 13:05:59',4600000,200000,1),('OHN000024','KHHN000098','HN302','2020-11-27 08:22:15','2020-11-28 08:22:15',4600000,100000,4),('OHN000025','KHHN000032','HN209','2022-02-14 21:08:05','2022-02-15 21:08:05',3400000,400000,5),('OHN000026','KHHN000003','HN508','2022-08-09 03:09:53','2022-08-10 03:09:53',4600000,800000,5),('OHN000027','KHHN000002','HN308','2023-04-11 05:16:21','2023-04-12 05:16:21',4800000,600000,5),('OHN000028','KHHN000012','HN406','2023-04-14 23:28:59','2023-04-15 23:28:59',2800000,500000,4),('OHN000029','KHHN000037','HN505','2022-11-16 20:05:59','2022-11-17 20:05:59',1800000,900000,4),('OHN000030','KHHN000029','HN505','2022-02-14 19:40:15','2022-02-15 19:40:15',3000000,400000,5),('OHN000031','KHHN000099','HN304','2020-01-14 21:25:42','2020-01-15 21:25:42',2600000,100000,5),('OHN000032','KHHN000096','HN405','2022-12-01 16:46:22','2022-12-02 16:46:22',1000000,800000,3),('OHN000033','KHHN000028','HN205','2020-07-14 01:34:21','2020-07-15 01:34:21',3500000,0,4),('OHN000034','KHHN000005','HN404','2020-04-02 16:22:23','2020-04-03 16:22:23',4600000,800000,5),('OHN000035','KHHN000032','HN108','2020-09-06 05:47:48','2020-09-07 05:47:48',3000000,500000,2),('OHN000036','KHHN000016','HN103','2022-03-10 21:35:02','2022-03-11 21:35:02',1600000,200000,5),('OHN000037','KHHN000025','HN403','2023-01-24 21:46:41','2023-01-25 21:46:41',4400000,100000,5),('OHN000038','KHHN000060','HN205','2020-11-07 19:05:35','2020-11-08 19:05:35',2500000,200000,4),('OHN000039','KHHN000084','HN309','2023-02-16 22:18:29','2023-02-17 22:18:29',4200000,900000,5),('OHN000040','KHHN000007','HN209','2022-06-09 11:42:32','2022-06-10 11:42:32',1300000,400000,4),('OHN000041','KHHN000011','HN103','2022-05-27 10:03:18','2022-05-28 10:03:18',4700000,600000,5),('OHN000042','KHHN000028','HN202','2020-12-26 17:35:02','2020-12-27 17:35:02',4600000,800000,5),('OHN000043','KHHN000080','HN204','2022-02-27 15:04:27','2022-02-28 15:04:27',1700000,600000,5),('OHN000044','KHHN000097','HN201','2020-07-05 14:50:38','2020-07-06 14:50:38',2600000,500000,5),('OHN000045','KHHN000069','HN303','2020-03-07 14:39:29','2020-03-08 14:39:29',3500000,900000,5),('OHN000046','KHHN000029','HN205','2023-03-15 13:18:47','2023-03-16 13:18:47',4200000,600000,3),('OHN000047','KHHN000100','HN109','2021-03-26 19:02:48','2021-03-27 19:02:48',4300000,0,4),('OHN000048','KHHN000037','HN303','2020-05-04 21:21:38','2020-05-05 21:21:38',2500000,400000,5),('OHN000049','KHHN000018','HN405','2023-01-13 08:05:02','2023-01-14 08:05:02',2000000,800000,1),('OHN000050','KHHN000063','HN407','2021-09-15 18:38:00','2021-09-16 18:38:00',1200000,300000,5),('OHN000051','KHHN000004','HN202','2022-12-27 10:53:57','2022-12-28 10:53:57',1700000,500000,2),('OHN000052','KHHN000032','HN502','2020-02-05 10:40:05','2020-02-06 10:40:05',2300000,100000,4),('OHN000053','KHHN000020','HN103','2023-04-03 06:20:12','2023-04-04 06:20:12',3000000,0,4),('OHN000054','KHHN000059','HN508','2020-01-24 02:00:44','2020-01-25 02:00:44',1900000,500000,3),('OHN000055','KHHN000083','HN308','2020-11-08 18:28:09','2020-11-09 18:28:09',3300000,300000,5),('OHN000056','KHHN000017','HN105','2022-01-10 09:01:35','2022-01-11 09:01:35',2000000,500000,5),('OHN000057','KHHN000081','HN303','2020-07-27 22:49:41','2020-07-28 22:49:41',4500000,200000,5),('OHN000058','KHHN000074','HN208','2023-01-18 11:32:46','2023-01-19 11:32:46',1800000,600000,3),('OHN000059','KHHN000047','HN308','2022-07-26 23:48:06','2022-07-27 23:48:06',3100000,800000,5),('OHN000060','KHHN000011','HN506','2023-02-18 12:22:33','2023-02-19 12:22:33',4600000,800000,4),('OHN000061','KHHN000006','HN405','2020-06-13 03:37:55','2020-06-14 03:37:55',2600000,600000,3),('OHN000062','KHHN000048','HN302','2021-06-17 14:18:15','2021-06-18 14:18:15',1600000,500000,5),('OHN000063','KHHN000067','HN509','2022-02-13 17:42:49','2022-02-14 17:42:49',2100000,300000,5),('OHN000064','KHHN000013','HN404','2022-06-23 07:20:24','2022-06-24 07:20:24',2600000,300000,5),('OHN000065','KHHN000063','HN402','2023-02-16 05:16:06','2023-02-17 05:16:06',4800000,900000,5),('OHN000066','KHHN000028','HN101','2020-09-19 01:36:02','2020-09-20 01:36:02',1400000,200000,5),('OHN000067','KHHN000047','HN209','2021-03-14 04:29:09','2021-03-15 04:29:09',2800000,800000,5),('OHN000068','KHHN000012','HN406','2023-02-15 18:30:17','2023-02-16 18:30:17',1400000,700000,3),('OHN000069','KHHN000068','HN508','2020-06-29 03:30:16','2020-06-30 03:30:16',3600000,800000,5),('OHN000070','KHHN000067','HN204','2023-03-04 14:29:58','2023-03-05 14:29:58',1300000,300000,3),('OHN000071','KHHN000091','HN501','2021-08-27 21:37:51','2021-08-28 21:37:51',3300000,600000,4),('OHN000072','KHHN000004','HN306','2022-08-06 11:03:15','2022-08-07 11:03:15',2600000,800000,3),('OHN000073','KHHN000062','HN207','2020-06-19 23:56:10','2020-06-20 23:56:10',2700000,300000,5),('OHN000074','KHHN000057','HN101','2023-04-06 20:48:29','2023-04-07 20:48:29',1200000,700000,5),('OHN000075','KHHN000080','HN102','2020-09-14 06:15:01','2020-09-15 06:15:01',3900000,200000,5),('OHN000076','KHHN000078','HN408','2020-03-15 14:11:49','2020-03-16 14:11:49',3500000,300000,5),('OHN000077','KHHN000037','HN401','2022-05-04 07:17:13','2022-05-05 07:17:13',1100000,500000,5),('OHN000078','KHHN000098','HN102','2020-05-27 08:09:05','2020-05-28 08:09:05',2600000,300000,5),('OHN000079','KHHN000047','HN508','2022-03-04 15:35:17','2022-03-05 15:35:17',4200000,0,2),('OHN000080','KHHN000016','HN502','2020-04-13 15:47:43','2020-04-14 15:47:43',3600000,700000,4),('OHN000081','KHHN000054','HN407','2021-07-23 09:42:02','2021-07-24 09:42:02',1300000,200000,1),('OHN000082','KHHN000067','HN209','2020-02-16 23:30:22','2020-02-17 23:30:22',1100000,600000,3),('OHN000083','KHHN000100','HN506','2023-01-26 03:12:08','2023-01-27 03:12:08',3700000,200000,3),('OHN000084','KHHN000019','HN102','2023-01-11 09:20:20','2023-01-12 09:20:20',3600000,200000,4),('OHN000085','KHHN000074','HN207','2021-09-08 19:20:55','2021-09-09 19:20:55',1800000,0,5),('OHN000086','KHHN000032','HN201','2021-02-13 04:29:58','2021-02-14 04:29:58',3100000,600000,4),('OHN000087','KHHN000051','HN107','2021-02-05 01:27:16','2021-02-06 01:27:16',4100000,800000,5),('OHN000088','KHHN000019','HN509','2020-11-29 09:30:05','2020-11-30 09:30:05',1800000,800000,4),('OHN000089','KHHN000044','HN301','2021-04-09 04:06:15','2021-04-10 04:06:15',4900000,200000,2),('OHN000090','KHHN000008','HN405','2020-04-06 03:46:36','2020-04-07 03:46:36',2800000,400000,5),('OHN000091','KHHN000032','HN308','2020-04-26 09:12:22','2020-04-27 09:12:22',2500000,300000,3),('OHN000092','KHHN000008','HN103','2022-08-03 08:41:11','2022-08-04 08:41:11',2700000,500000,4),('OHN000093','KHHN000087','HN107','2023-01-23 15:03:05','2023-01-24 15:03:05',3300000,0,4),('OHN000094','KHHN000056','HN508','2023-01-05 01:07:38','2023-01-06 01:07:38',3200000,800000,5),('OHN000095','KHHN000062','HN201','2022-09-07 09:28:07','2022-09-08 09:28:07',2200000,900000,5),('OHN000096','KHHN000001','HN105','2022-09-05 00:17:00','2022-09-06 00:17:00',1500000,0,5),('OHN000097','KHHN000010','HN505','2020-01-22 03:21:34','2020-01-23 03:21:34',3300000,0,5),('OHN000098','KHHN000024','HN307','2022-06-13 07:05:46','2022-06-14 07:05:46',2800000,200000,5),('OHN000099','KHHN000028','HN208','2021-03-01 10:45:37','2021-03-02 10:45:37',4900000,900000,3),('OHN000100','KHHN000037','HN201','2023-02-10 18:13:09','2023-02-11 18:13:09',2800000,900000,5),('OHN000101','KHHN000025','HN303','2021-05-28 21:33:56','2021-05-29 21:33:56',4400000,300000,5),('OHN000102','KHHN000079','HN104','2023-03-25 02:40:03','2023-03-26 02:40:03',4100000,0,5),('OHN000103','KHHN000095','HN506','2021-03-16 07:22:50','2021-03-17 07:22:50',4400000,400000,3),('OHN000104','KHHN000004','HN107','2023-03-12 19:07:16','2023-03-13 19:07:16',2100000,0,4),('OHN000105','KHHN000068','HN301','2020-08-08 16:55:40','2020-08-09 16:55:40',2400000,0,4),('OHN000106','KHHN000090','HN208','2020-01-10 20:54:26','2020-01-11 20:54:26',1600000,400000,3),('OHN000107','KHHN000063','HN402','2021-08-11 10:48:29','2021-08-12 10:48:29',4000000,700000,5),('OHN000108','KHHN000060','HN203','2022-12-09 22:46:59','2022-12-10 22:46:59',3400000,200000,5),('OHN000109','KHHN000033','HN409','2022-10-18 08:51:33','2022-10-19 08:51:33',1400000,400000,1),('OHN000110','KHHN000064','HN101','2020-03-08 14:15:14','2020-03-09 14:15:14',1000000,0,4),('OHN000111','KHHN000094','HN203','2020-02-08 19:39:37','2020-02-09 19:39:37',2200000,400000,5),('OHN000112','KHHN000067','HN506','2022-05-03 10:08:46','2022-05-04 10:08:46',4700000,400000,4),('OHN000113','KHHN000070','HN505','2022-12-13 19:42:08','2022-12-14 19:42:08',2700000,700000,5),('OHN000114','KHHN000055','HN102','2023-01-09 09:19:13','2023-01-10 09:19:13',2100000,900000,3),('OHN000115','KHHN000040','HN302','2023-04-01 02:40:34','2023-04-02 02:40:34',3800000,700000,5),('OHN000116','KHHN000035','HN105','2023-04-28 23:52:33','2023-04-29 23:52:33',1400000,100000,5),('OHN000117','KHHN000052','HN509','2023-02-05 15:14:17','2023-02-06 15:14:17',1200000,100000,1),('OHN000118','KHHN000032','HN103','2022-06-19 03:10:07','2022-06-20 03:10:07',3300000,100000,1),('OHN000119','KHHN000084','HN302','2023-03-06 08:41:05','2023-03-07 08:41:05',1900000,300000,4),('OHN000120','KHHN000078','HN306','2021-10-05 14:33:04','2021-10-06 14:33:04',2600000,200000,3),('OHN000121','KHHN000015','HN408','2021-02-25 16:33:19','2021-02-26 16:33:19',4600000,200000,5),('OHN000122','KHHN000050','HN408','2023-01-28 00:20:22','2023-01-29 00:20:22',4900000,600000,5),('OHN000123','KHHN000039','HN406','2021-07-14 07:39:10','2021-07-15 07:39:10',4200000,800000,5),('OHN000124','KHHN000068','HN403','2023-02-09 09:21:12','2023-02-10 09:21:12',1400000,600000,5),('OHN000125','KHHN000065','HN202','2023-04-04 11:14:16','2023-04-05 11:14:16',2400000,400000,5),('OHN000126','KHHN000079','HN303','2023-01-24 03:13:56','2023-01-25 03:13:56',1200000,500000,4),('OHN000127','KHHN000076','HN401','2023-04-10 04:39:44','2023-04-11 04:39:44',4700000,500000,5),('OHN000128','KHHN000015','HN303','2021-10-20 06:28:06','2021-10-21 06:28:06',1200000,900000,2),('OHN000129','KHHN000006','HN408','2021-08-05 04:45:27','2021-08-06 04:45:27',3700000,900000,4),('OHN000130','KHHN000081','HN207','2021-12-14 09:57:35','2021-12-15 09:57:35',3200000,800000,2),('OHN000131','KHHN000009','HN405','2022-10-12 22:33:30','2022-10-13 22:33:30',4300000,500000,5),('OHN000132','KHHN000092','HN105','2023-02-02 18:29:22','2023-02-03 18:29:22',2500000,200000,5),('OHN000133','KHHN000005','HN108','2023-04-10 12:56:48','2023-04-11 12:56:48',2600000,0,3),('OHN000134','KHHN000018','HN202','2020-09-21 07:25:31','2020-09-22 07:25:31',1500000,100000,2),('OHN000135','KHHN000089','HN504','2020-12-26 22:47:59','2020-12-27 22:47:59',3800000,800000,4),('OHN000136','KHHN000022','HN303','2020-10-20 04:02:07','2020-10-21 04:02:07',3400000,600000,4),('OHN000137','KHHN000049','HN407','2022-11-25 06:51:16','2022-11-26 06:51:16',4300000,200000,5),('OHN000138','KHHN000011','HN405','2020-03-07 22:46:53','2020-03-08 22:46:53',4700000,200000,5),('OHN000139','KHHN000085','HN505','2020-09-20 21:26:26','2020-09-21 21:26:26',2300000,300000,3),('OHN000140','KHHN000006','HN101','2020-08-20 22:44:39','2020-08-21 22:44:39',4500000,0,5),('OHN000141','KHHN000021','HN105','2020-07-09 17:13:01','2020-07-10 17:13:01',1300000,0,3),('OHN000142','KHHN000014','HN307','2021-06-22 08:42:20','2021-06-23 08:42:20',3000000,600000,1);
/*!40000 ALTER TABLE `Booking` ENABLE KEYS */;
UNLOCK TABLES;

--
-- Table structure for table `Customer`
--

DROP TABLE IF EXISTS `Customer`;
/*!40101 SET @saved_cs_client     = @@character_set_client */;
/*!40101 SET character_set_client = utf8 */;
CREATE TABLE `Customer` (
  `customer_id` varchar(20) NOT NULL,
  `full_name` varchar(50) DEFAULT NULL,
  `phone` varchar(20) DEFAULT NULL,
  `address` varchar(100) DEFAULT NULL,
  `customer_type` varchar(20) DEFAULT NULL,
  PRIMARY KEY (`customer_id`)
) ENGINE=InnoDB DEFAULT CHARSET=latin1;
/*!40101 SET character_set_client = @saved_cs_client */;

--
-- Dumping data for table `Customer`
--

LOCK TABLES `Customer` WRITE;
/*!40000 ALTER TABLE `Customer` DISABLE KEYS */;
INSERT INTO `Customer` VALUES ('KHAG000001','Nguyen Gia Quan','0344702769','Cat Ba, Hai Phong','Normal'),('KHAG000002','Le Thi Toi','0550191847','O dau do, An Giang','Normal'),('KHAG000003','Nguyen Van Hoai','0529609953','Cung Dien, Hue','Normal'),('KHAG000004','Tran Anh Hieu','0688953181','O dau do, An Giang','Normal'),('KHAG000005','Pham Thi Le','0794689672','Ha Long, Quang Ninh','Normal'),('KHAG000006','Pham Quang Lang','0708155142','Cung Dien, Hue','Normal'),('KHAG000007','Tran Quang Quan','0183781888','Quan 5, Tp Ho Chi Minh','Normal'),('KHAG000008','Ho Thi Hoai','0222655910','Vinh, Nghe An','Normal'),('KHAG000009','Ho Quang Vinh','0514121170','Cung Dien, Hue','Normal'),('KHAG000010','Le Quang Hieu','0212590995','Hoang Mai, Nghe An','Normal'),('KHAG000011','Tran Minh Hang','0456873555','Quan 4, Tp Ho Chi Minh','Normal'),('KHAG000012','Pham Quang Quan','0598838097','O dau do, An Giang','Normal'),('KHAG000013','Nguyen Thi Vinh','0552698419','Lam Son, An Giang','Normal'),('KHAG000014','Pham Duc Hoang','0504411889','Quan 1, Tp Ho Chi Minh','Normal'),('KHAG000015','Cao Thuong Quang Viet','0479270654','Quan 2, Tp Ho Chi Minh','Normal'),('KHAG000016','Tran Gia Yen','0106341967','Binh Da, Binh Duong','Normal'),('KHAG000017','Tran Anh Vinh','0345763440','Dien Chau, Nghe An','Normal'),('KHAG000018','Nguyen Thi Toi','0670233762','Quan 3, Tp Ho Chi Minh','Normal'),('KHAG000019','Cao Thuong Van Tan','0237248516','Ha Long, Quang Ninh','Normal'),('KHAG000020','Tran Duc Hang','0752966674','Quan 3, Tp Ho Chi Minh','Normal'),('KHAG000021','Ho Thi Toi','0961625590','Quan 6, Tp Ho Chi Minh','Normal'),('KHAG000022','Pham Van Hang','0855222707','Cung Dien, Hue','Normal'),('KHAG000023','Tran Van Tan','0683932777','Dien Chau, Nghe An','Normal'),('KHAG000024','Cao Thuong Van Hieu','0513848556','Pi Leng, An Giang','Normal'),('KHAG000025','Cao Thuong Van Hoang','0173103673','Ha Dong, Ha Noi','Normal'),('KHAG000026','Tran Thi Hoang','0388471556','Vinh, Nghe An','Normal'),('KHAG000027','Le Gia Viet','0809032415','Cat Ba, Hai Phong','Normal'),('KHAG000028','Pham Thi Hoai','0322399741','Vinh, Nghe An','Normal'),('KHAG000029','Pham Minh Hieu','0278588389','Ha Long, Quang Ninh','Normal'),('KHAG000030','Ho Thi Quan','0774022713','Ha Long, Quang Ninh','Normal'),('KHAG000031','Cao Thuong Minh Tan','0641817123','Binh Da, Binh Duong','Normal'),('KHAG000032','Cao Thuong Gia Quan','0634146538','Quan 6, Tp Ho Chi Minh','Normal'),('KHAG000033','Nguyen Minh Viet','0813573626','Quan 3, Tp Ho Chi Minh','Normal'),('KHAG000034','Tran Anh Toi','0133718179','Quan 1, Tp Ho Chi Minh','Normal'),('KHAG000035','Cao Thuong Van Hoang','0383733424','Quan 1, Tp Ho Chi Minh','Normal'),('KHAG000036','Ho Van Viet','0307229139','Quan 1, Tp Ho Chi Minh','Normal'),('KHAG000037','Tran Quang Lang','0676740211','Pi Leng, An Giang','Normal'),('KHAG000038','Tran Minh Tho','0279977709','Hoang Mai, Nghe An','Normal'),('KHAG000039','Pham Anh Toi','0203110591','Dien Chau, Nghe An','Normal'),('KHAG000040','Pham Thi Hoang','0662986699','Quan 1, Tp Ho Chi Minh','Normal'),('KHAG000041','Le Thi Toi','0834577882','Cung Dien, Hue','Normal'),('KHAG000042','Pham Thi Toi','0336129594','Hoang Mai, Nghe An','Normal'),('KHAG000043','Tran Gia Yen','0454105146','Cat Ba, Hai Phong','Normal'),('KHAG000044','Nguyen Van Hoai','0711236868','Cung Dien, Hue','Normal'),('KHAG000045','Ho Minh Hang','0412584504','Quan 1, Tp Ho Chi Minh','Normal'),('KHAG000046','Nguyen Thi Hoai','0422441374','Quan 5, Tp Ho Chi Minh','Normal'),('KHAG000047','Cao Thuong Minh Le','0863827203','Hoang Mai, Nghe An','Normal'),('KHAG000048','Nguyen Minh Hoang','0609856089','O dau do, An Giang','Normal'),('KHAG000049','Ho Thi Vinh','0352965930','Hoang Mai, Nghe An','Normal'),('KHAG000050','Le Thi Yen','0600086760','Cat Ba, Hai Phong','Normal'),('KHAG000051','Tran Quang Quan','0509524022','Quan 4, Tp Ho Chi Minh','Normal'),('KHAG000052','Le Thi Toi','0150019203','Pi Leng, An Giang','Normal'),('KHAG000053','Nguyen Gia Le','0777004936','Hoang Mai, Nghe An','Normal'),('KHAG000054','Cao Thuong Quang Tan','0871748046','Thu dau mot, Can Tho','Normal'),('KHAG000055','Nguyen Thi Hieu','0681757628','O dau do, An Giang','Normal'),('KHAG000056','Le Anh Quan','0245383337','Vinh, Nghe An','Normal'),('KHAG000057','Tran Quang Hoang','0713499224','Cau Giay, Ha Noi','Normal'),('KHAG000058','Le Quang Yen','0374170808','Ha Long, Quang Ninh','Normal'),('KHAG000059','Cao Thuong Anh Tho','0653620708','O dau do, An Giang','Normal'),('KHAG000060','Pham Thi Viet','0373653994','Pi Leng, An Giang','Normal'),('KHAG000061','Ho Gia Hoang','0771005345','Ha Long, Quang Ninh','Normal'),('KHAG000062','Nguyen Minh Tho','0236351550','Quan 3, Tp Ho Chi Minh','Normal'),('KHAG000063','Nguyen Thi Quan','0286076491','Quan 1, Tp Ho Chi Minh','Normal'),('KHAG000064','Le Minh Vinh','0535621024','Can Tien, Can Tho','Normal'),('KHAG000065','Le Thi Hoai','0775053740','Thu dau mot, Can Tho','Normal'),('KHAG000066','Tran Van Lang','0225385558','Quan 5, Tp Ho Chi Minh','Normal'),('KHAG000067','Le Thi Vinh','0963084091','Hoan Kiem, Ha Noi','Normal'),('KHAG000068','Le Quang Tan','0467199679','Hoan Kiem, Ha Noi','Normal'),('KHAG000069','Ho Anh Hang','0808652905','Quan 3, Tp Ho Chi Minh','Normal'),('KHAG000070','Tran Quang Toi','0392181808','Quan 1, Tp Ho Chi Minh','Normal'),('KHAG000071','Tran Gia Hoang','0844692804','Quan 2, Tp Ho Chi Minh','Normal'),('KHAG000072','Ho Minh Toi','0783391971','Quan 6, Tp Ho Chi Minh','Normal'),('KHAG000073','Tran Anh Hoang','0852104611','Can Tien, Can Tho','Normal'),('KHAG000074','Ho Thi Hoai','0300143984','Quan 2, Tp Ho Chi Minh','Normal'),('KHAG000075','Tran Anh Hieu','0854804548','Vinh, Nghe An','Normal'),('KHAG000076','Cao Thuong Thi Tho','0534795775','Quan 2, Tp Ho Chi Minh','Normal'),('KHAG000077','Nguyen Gia Le','0643084530','Binh Da, Binh Duong','Normal'),('KHAG000078','Tran Quang Lang','0468924260','Can Tien, Can Tho','Normal'),('KHAG000079','Ho Van Yen','0959525257','O dau do, An Giang','Normal'),('KHAG000080','Pham Gia Viet','0379340142','Quan 1, Tp Ho Chi Minh','Normal'),('KHAG000081','Pham Quang Hang','0736378816','Dien Chau, Nghe An','Normal'),('KHAG000082','Tran Duc Hoang','0425733449','Thu dau mot, Can Tho','Normal'),('KHAG000083','Ho Minh Hang','0408730645','Can Tien, Can Tho','Normal'),('KHAG000084','Le Minh Viet','0999091441','O dau do, An Giang','Normal'),('KHAG000085','Nguyen Minh Toi','0317540799','Cung Dien, Hue','Normal'),('KHAG000086','Pham Anh Hang','0266817803','O dau do, An Giang','Normal'),('KHAG000087','Cao Thuong Duc Lang','0387978079','Hoang Mai, Nghe An','Normal'),('KHAG000088','Ho Anh Tho','0539231116','Pi Leng, An Giang','Normal'),('KHAG000089','Nguyen Gia Lang','0691567035','Quan 4, Tp Ho Chi Minh','Normal'),('KHAG000090','Ho Duc Yen','0957310686','Lam Son, An Giang','Normal'),('KHAG000091','Ho Quang Hang','0334194617','Hoang Mai, Nghe An','Normal'),('KHAG000092','Pham Anh Hieu','0633136976','Quan 3, Tp Ho Chi Minh','Normal'),('KHAG000093','Tran Duc Le','0326765377','Vinh, Nghe An','Normal'),('KHAG000094','Tran Van Bao','0564879181','Lam Son, An Giang','Normal'),('KHAG000095','Ho Gia Bao','0886838507','Cau Giay, Ha Noi','Normal'),('KHAG000096','Nguyen Gia Le','0341322101','Quan 1, Tp Ho Chi Minh','Normal'),('KHAG000097','Nguyen Minh Vinh','0808796736','Quan 4, Tp Ho Chi Minh','Normal'),('KHAG000098','Le Minh Bao','0167722731','Quan 3, Tp Ho Chi Minh','Normal'),('KHAG000099','Cao Thuong Thi Quan','0563629642','Cat Ba, Hai Phong','Normal'),('KHAG000100','Tran Quang Yen','0198538440','Binh Da, Binh Duong','Normal'),('KHBD000001','Tran Thi Tan','0652877244','Quan 1, Tp Ho Chi Minh','Normal'),('KHBD000002','Pham Duc Hieu','0663287815','Vinh, Nghe An','Normal'),('KHBD000003','Nguyen Duc Quan','0360582607','Ha Dong, Ha Noi','Normal'),('KHBD000004','Le Duc Vinh','0210877552','Quan 2, Tp Ho Chi Minh','Normal'),('KHBD000005','Tran Duc Hieu','0330948884','Pi Leng, An Giang','Normal'),('KHBD000006','Nguyen Van Vinh','0349757827','Can Tien, Can Tho','Normal'),('KHBD000007','Pham Quang Hoang','0131073218','Cung Dien, Hue','Normal'),('KHBD000008','Ho Duc Tho','0746838572','Hoan Kiem, Ha Noi','Normal'),('KHBD000009','Pham Thi Tho','0854209663','Can Tien, Can Tho','Normal'),('KHBD000010','Le Thi Viet','0382846303','Lam Son, An Giang','Normal'),('KHBD000011','Tran Thi Viet','0884362362','Cau Giay, Ha Noi','Normal'),('KHBD000012','Ho Minh Tho','0158659479','Quan 3, Tp Ho Chi Minh','Normal'),('KHBD000013','Pham Gia Vinh','0868484839','Lam Son, An Giang','Normal'),('KHBD000014','Ho Duc Tan','0457149609','Cung Dien, Hue','Normal'),('KHBD000015','Nguyen Quang Yen','0303263067','Quan 3, Tp Ho Chi Minh','Normal'),('KHBD000016','Nguyen Duc Vinh','0127918198','Binh Da, Binh Duong','Normal'),('KHBD000017','Cao Thuong Thi Yen','0562270211','Quan 2, Tp Ho Chi Minh','Normal'),('KHBD000018','Tran Thi Lang','0809080713','Pi Leng, An Giang','Normal'),('KHBD000019','Nguyen Minh Vinh','0995398982','Quan 1, Tp Ho Chi Minh','Normal'),('KHBD000020','Pham Anh Hoai','0285697568','Cung Dien, Hue','Normal'),('KHBD000021','Pham Duc Quan','0601047092','Quan 5, Tp Ho Chi Minh','Normal'),('KHBD000022','Ho Quang Tan','0274891907','Hoang Mai, Nghe An','Normal'),('KHBD000023','Cao Thuong Duc Hang','0551859037','Quan 3, Tp Ho Chi Minh','Normal'),('KHBD000024','Le Gia Toi','0916486527','Cat Ba, Hai Phong','Normal'),('KHBD000025','Pham Minh Tho','0794984075','Pi Leng, An Giang','Normal'),('KHBD000026','Nguyen Van Le','0756422118','Cau Giay, Ha Noi','Normal'),('KHBD000027','Nguyen Anh Tho','0425122695','Hoan Kiem, Ha Noi','Normal'),('KHBD000028','Ho Anh Hoang','0285400917','Hoan Kiem, Ha Noi','Normal'),('KHBD000029','Nguyen Minh Bao','0486016003','Ha Long, Quang Ninh','Normal'),('KHBD000030','Nguyen Anh Quan','0349380691','Quan 6, Tp Ho Chi Minh','Normal'),('KHBD000031','Nguyen Van Tan','0472076226','Quan 5, Tp Ho Chi Minh','Normal'),('KHBD000032','Tran Anh Tan','0450851255','Quan 5, Tp Ho Chi Minh','Normal'),('KHBD000033','Pham Duc Vinh','0120400343','Pi Leng, An Giang','Normal'),('KHBD000034','Cao Thuong Thi Le','0292803140','Quan 6, Tp Ho Chi Minh','Normal'),('KHBD000035','Tran Minh Viet','0587486587','O dau do, An Giang','Normal'),('KHBD000036','Le Anh Bao','0775717148','Ha Dong, Ha Noi','Normal'),('KHBD000037','Tran Minh Tan','0339601707','Hoan Kiem, Ha Noi','Normal'),('KHBD000038','Le Minh Hang','0861575095','Cat Ba, Hai Phong','Normal'),('KHBD000039','Nguyen Gia Viet','0286926838','Quan 4, Tp Ho Chi Minh','Normal'),('KHBD000040','Le Van Vinh','0572937283','Can Tien, Can Tho','Normal'),('KHBD000041','Cao Thuong Van Hieu','0242701656','Quan 5, Tp Ho Chi Minh','Normal'),('KHBD000042','Ho Thi Le','0815668821','Quan 4, Tp Ho Chi Minh','Normal'),('KHBD000043','Pham Thi Quan','0615455880','Quan 1, Tp Ho Chi Minh','Normal'),('KHBD000044','Le Gia Tho','0156000472','Quan 5, Tp Ho Chi Minh','Normal'),('KHBD000045','Ho Thi Viet','0187452152','O dau do, An Giang','Normal'),('KHBD000046','Tran Van Toi','0663621513','Binh Da, Binh Duong','Normal'),('KHBD000047','Nguyen Minh Tan','0806715557','Cau Giay, Ha Noi','Normal'),('KHBD000048','Le Anh Tho','0815517619','Quan 2, Tp Ho Chi Minh','Normal'),('KHBD000049','Cao Thuong Duc Vinh','0613687941','Quan 5, Tp Ho Chi Minh','Normal'),('KHBD000050','Nguyen Gia Tan','0527737075','Vinh, Nghe An','Normal'),('KHBD000051','Tran Duc Tho','0291616784','Quan 2, Tp Ho Chi Minh','Normal'),('KHBD000052','Tran Thi Hieu','0867975222','Dien Chau, Nghe An','Normal'),('KHBD000053','Tran Minh Hoai','0171327034','Quan 5, Tp Ho Chi Minh','Normal'),('KHBD000054','Tran Van Quan','0195959807','Ha Dong, Ha Noi','Normal'),('KHBD000055','Ho Duc Bao','0704244491','Hoang Mai, Nghe An','Normal'),('KHBD000056','Ho Anh Hoai','0777069665','Quan 2, Tp Ho Chi Minh','Normal'),('KHBD000057','Tran Quang Viet','0874555775','Hoan Kiem, Ha Noi','Normal'),('KHBD000058','Nguyen Anh Quan','0382960631','Ha Dong, Ha Noi','Normal'),('KHBD000059','Ho Thi Hieu','0809849189','Lam Son, An Giang','Normal'),('KHBD000060','Cao Thuong Minh Bao','0966400115','Ha Long, Quang Ninh','Normal'),('KHBD000061','Cao Thuong Quang Yen','0777144997','Thu dau mot, Can Tho','Normal'),('KHBD000062','Pham Thi Bao','0599223764','Vinh, Nghe An','Normal'),('KHBD000063','Nguyen Thi Lang','0139437311','Dien Chau, Nghe An','Normal'),('KHBD000064','Pham Van Lang','0642559101','Quan 1, Tp Ho Chi Minh','Normal'),('KHBD000065','Cao Thuong Quang Vinh','0306923402','Quan 2, Tp Ho Chi Minh','Normal'),('KHBD000066','Le Quang Vinh','0723018969','Dien Chau, Nghe An','Normal'),('KHBD000067','Tran Thi Lang','0602687305','Dien Chau, Nghe An','Normal'),('KHBD000068','Pham Van Toi','0661474399','Can Tien, Can Tho','Normal'),('KHBD000069','Le Thi Hoang','0249337470','Thu dau mot, Can Tho','Normal'),('KHBD000070','Ho Quang Yen','0213232045','Ha Long, Quang Ninh','Normal'),('KHBD000071','Pham Van Hieu','0226421461','Quan 1, Tp Ho Chi Minh','Normal'),('KHBD000072','Pham Gia Viet','0727079741','Dien Chau, Nghe An','Normal'),('KHBD000073','Nguyen Thi Le','0970583342','Quan 3, Tp Ho Chi Minh','Normal'),('KHBD000074','Nguyen Minh Lang','0392291638','Quan 4, Tp Ho Chi Minh','Normal'),('KHBD000075','Le Duc Tho','0872856966','Quan 5, Tp Ho Chi Minh','Normal'),('KHBD000076','Tran Thi Hoang','0166722563','Cat Ba, Hai Phong','Normal'),('KHBD000077','Le Duc Hoang','0942542985','Can Tien, Can Tho','Normal'),('KHBD000078','Le Thi Bao','0968407574','Quan 3, Tp Ho Chi Minh','Normal'),('KHBD000079','Cao Thuong Thi Hoai','0777981843','Cat Ba, Hai Phong','Normal'),('KHBD000080','Nguyen Quang Hoai','0674859262','Quan 6, Tp Ho Chi Minh','Normal'),('KHBD000081','Le Thi Toi','0552088588','Thu dau mot, Can Tho','Normal'),('KHBD000082','Nguyen Duc Hieu','0367078153','Hoang Mai, Nghe An','Normal'),('KHBD000083','Le Thi Viet','0458715553','Cau Giay, Ha Noi','Normal'),('KHBD000084','Tran Thi Hoang','0186058528','Cung Dien, Hue','Normal'),('KHBD000085','Tran Thi Bao','0308037861','Quan 3, Tp Ho Chi Minh','Normal'),('KHBD000086','Pham Duc Bao','0180782090','O dau do, An Giang','Normal'),('KHBD000087','Pham Minh Hoang','0231062913','Quan 1, Tp Ho Chi Minh','Normal'),('KHBD000088','Cao Thuong Van Bao','0685337680','Quan 3, Tp Ho Chi Minh','Normal'),('KHBD000089','Ho Van Viet','0113531134','O dau do, An Giang','Normal'),('KHBD000090','Ho Duc Tho','0380510026','Pi Leng, An Giang','Normal'),('KHBD000091','Le Minh Yen','0987836969','Ha Dong, Ha Noi','Normal'),('KHBD000092','Ho Minh Le','0551025871','Cung Dien, Hue','Normal'),('KHBD000093','Le Quang Hang','0834557106','Binh Da, Binh Duong','Normal'),('KHBD000094','Cao Thuong Thi Yen','0907061040','Ha Dong, Ha Noi','Normal'),('KHBD000095','Tran Duc Bao','0750877323','Cau Giay, Ha Noi','Normal'),('KHBD000096','Tran Duc Hieu','0693821428','Cat Ba, Hai Phong','Normal'),('KHBD000097','Ho Minh Yen','0278290359','Quan 6, Tp Ho Chi Minh','Normal'),('KHBD000098','Pham Thi Quan','0827544872','Quan 2, Tp Ho Chi Minh','Normal'),('KHBD000099','Ho Van Hoang','0899474237','Cat Ba, Hai Phong','Normal'),('KHBD000100','Ho Van Yen','0504484920','Pi Leng, An Giang','Normal'),('KHDN000001','Cao Thuong Van Yen','0207590077','Quan 3, Tp Ho Chi Minh','Normal'),('KHDN000002','Tran Duc Hang','0236727071','O dau do, An Giang','Normal'),('KHDN000003','Pham Thi Toi','0388202630','Cau Giay, Ha Noi','Normal'),('KHDN000004','Tran Gia Tan','0368378951','Quan 3, Tp Ho Chi Minh','Normal'),('KHDN000005','Pham Van Le','0598503461','Hoang Mai, Nghe An','Normal'),('KHDN000006','Tran Gia Viet','0287099623','Quan 4, Tp Ho Chi Minh','Normal'),('KHDN000007','Cao Thuong Thi Vinh','0653886003','Quan 4, Tp Ho Chi Minh','Normal'),('KHDN000008','Pham Minh Bao','0967786073','Cat Ba, Hai Phong','Normal'),('KHDN000009','Pham Van Yen','0224785442','O dau do, An Giang','Normal'),('KHDN000010','Pham Van Hoai','0170776379','Cat Ba, Hai Phong','Normal'),('KHDN000011','Tran Duc Hoai','0847425444','Dien Chau, Nghe An','Normal'),('KHDN000012','Le Anh Vinh','0705604283','Quan 3, Tp Ho Chi Minh','Normal'),('KHDN000013','Ho Thi Vinh','0600051564','Vinh, Nghe An','Normal'),('KHDN000014','Cao Thuong Minh Tan','0322996241','Thu dau mot, Can Tho','Normal'),('KHDN000015','Le Minh Tho','0218352901','Vinh, Nghe An','Normal'),('KHDN000016','Nguyen Thi Viet','0313646531','Hoan Kiem, Ha Noi','Normal'),('KHDN000017','Pham Thi Le','0353444757','Quan 1, Tp Ho Chi Minh','Normal'),('KHDN000018','Le Minh Bao','0814376005','Quan 3, Tp Ho Chi Minh','Normal'),('KHDN000019','Tran Quang Toi','0271976297','Cung Dien, Hue','Normal'),('KHDN000020','Pham Duc Le','0601070036','Hoan Kiem, Ha Noi','Normal'),('KHDN000021','Tran Minh Tan','0523233154','Quan 1, Tp Ho Chi Minh','Normal'),('KHDN000022','Pham Thi Le','0965098540','Thu dau mot, Can Tho','Normal'),('KHDN000023','Le Minh Le','0287316626','Pi Leng, An Giang','Normal'),('KHDN000024','Nguyen Duc Hoai','0498760189','Ha Dong, Ha Noi','Normal'),('KHDN000025','Tran Gia Hoang','0304808559','Lam Son, An Giang','Normal'),('KHDN000026','Cao Thuong Thi Hang','0662537355','Can Tien, Can Tho','Normal'),('KHDN000027','Pham Thi Tan','0813981937','Cau Giay, Ha Noi','Normal'),('KHDN000028','Nguyen Thi Hoang','0675489194','Dien Chau, Nghe An','Normal'),('KHDN000029','Le Quang Hang','0923881835','Ha Long, Quang Ninh','Normal'),('KHDN000030','Cao Thuong Gia Tan','0847862616','Quan 4, Tp Ho Chi Minh','Normal'),('KHDN000031','Le Thi Lang','0366043073','Lam Son, An Giang','Normal'),('KHDN000032','Pham Thi Tho','0356140820','Quan 2, Tp Ho Chi Minh','Normal'),('KHDN000033','Pham Anh Vinh','0380080090','Cung Dien, Hue','Normal'),('KHDN000034','Le Gia Le','0750292720','Can Tien, Can Tho','Normal'),('KHDN000035','Tran Minh Toi','0985122327','Vinh, Nghe An','Normal'),('KHDN000036','Nguyen Thi Toi','0796564143','Quan 3, Tp Ho Chi Minh','Normal'),('KHDN000037','Nguyen Duc Toi','0159222780','Hoan Kiem, Ha Noi','Normal'),('KHDN000038','Le Duc Le','0736563544','O dau do, An Giang','Normal'),('KHDN000039','Ho Thi Bao','0361362531','Vinh, Nghe An','Normal'),('KHDN000040','Cao Thuong Anh Vinh','0535353952','Binh Da, Binh Duong','Normal'),('KHDN000041','Ho Minh Quan','0827057837','Quan 5, Tp Ho Chi Minh','Normal'),('KHDN000042','Pham Gia Lang','0955428570','Pi Leng, An Giang','Normal'),('KHDN000043','Le Duc Toi','0342063750','Ha Long, Quang Ninh','Normal'),('KHDN000044','Ho Quang Tho','0794041599','Pi Leng, An Giang','Normal'),('KHDN000045','Le Minh Viet','0880384335','Quan 4, Tp Ho Chi Minh','Normal'),('KHDN000046','Le Thi Hoai','0213736967','Hoang Mai, Nghe An','Normal'),('KHDN000047','Tran Quang Viet','0181405760','Quan 5, Tp Ho Chi Minh','Normal'),('KHDN000048','Le Gia Viet','0419229235','Quan 4, Tp Ho Chi Minh','Normal'),('KHDN000049','Nguyen Anh Toi','0100133166','Binh Da, Binh Duong','Normal'),('KHDN000050','Pham Duc Le','0615172441','Cau Giay, Ha Noi','Normal'),('KHDN000051','Pham Thi Yen','0235337089','Dien Chau, Nghe An','Normal'),('KHDN000052','Cao Thuong Minh Quan','0526468895','Thu dau mot, Can Tho','Normal'),('KHDN000053','Tran Gia Tho','0409206442','Dien Chau, Nghe An','Normal'),('KHDN000054','Ho Gia Yen','0635164377','Hoan Kiem, Ha Noi','Normal'),('KHDN000055','Le Minh Yen','0370343583','Thu dau mot, Can Tho','Normal'),('KHDN000056','Le Duc Tan','0101893753','Quan 3, Tp Ho Chi Minh','Normal'),('KHDN000057','Tran Minh Toi','0267129761','Quan 6, Tp Ho Chi Minh','Normal'),('KHDN000058','Le Van Quan','0627892924','Ha Long, Quang Ninh','Normal'),('KHDN000059','Pham Minh Toi','0666998628','Quan 5, Tp Ho Chi Minh','Normal'),('KHDN000060','Nguyen Duc Toi','0204571079','Quan 6, Tp Ho Chi Minh','Normal'),('KHDN000061','Nguyen Gia Tho','0935393844','O dau do, An Giang','Normal'),('KHDN000062','Le Gia Quan','0697867838','Vinh, Nghe An','Normal'),('KHDN000063','Cao Thuong Minh Hoang','0846422043','Can Tien, Can Tho','Normal'),('KHDN000064','Ho Gia Le','0245714013','Hoang Mai, Nghe An','Normal'),('KHDN000065','Nguyen Quang Viet','0139975645','Cau Giay, Ha Noi','Normal'),('KHDN000066','Nguyen Gia Hieu','0124047347','Lam Son, An Giang','Normal'),('KHDN000067','Tran Quang Le','0853091878','Quan 5, Tp Ho Chi Minh','Normal'),('KHDN000068','Pham Thi Lang','0905405603','Lam Son, An Giang','Normal'),('KHDN000069','Tran Duc Le','0304294575','Quan 1, Tp Ho Chi Minh','Normal'),('KHDN000070','Ho Thi Hoang','0980327230','Vinh, Nghe An','Normal'),('KHDN000071','Ho Quang Hoang','0759726020','Binh Da, Binh Duong','Normal'),('KHDN000072','Le Anh Viet','0342383768','Hoang Mai, Nghe An','Normal'),('KHDN000073','Ho Thi Hoang','0823637237','Lam Son, An Giang','Normal'),('KHDN000074','Ho Thi Hieu','0834910527','Lam Son, An Giang','Normal'),('KHDN000075','Pham Duc Viet','0758308740','Quan 5, Tp Ho Chi Minh','Normal'),('KHDN000076','Ho Quang Le','0437462487','Binh Da, Binh Duong','Normal'),('KHDN000077','Nguyen Van Hoang','0263596274','Quan 3, Tp Ho Chi Minh','Normal'),('KHDN000078','Cao Thuong Thi Hang','0213063881','Hoang Mai, Nghe An','Normal'),('KHDN000079','Ho Anh Vinh','0332638490','Cau Giay, Ha Noi','Normal'),('KHDN000080','Nguyen Van Hieu','0425931121','Can Tien, Can Tho','Normal'),('KHDN000081','Le Thi Hieu','0849271019','Cat Ba, Hai Phong','Normal'),('KHDN000082','Tran Thi Toi','0255966042','Quan 2, Tp Ho Chi Minh','Normal'),('KHDN000083','Tran Duc Le','0417653933','O dau do, An Giang','Normal'),('KHDN000084','Nguyen Duc Viet','0510371882','Cau Giay, Ha Noi','Normal'),('KHDN000085','Tran Duc Bao','0714587199','Quan 1, Tp Ho Chi Minh','Normal'),('KHDN000086','Nguyen Minh Quan','0653475724','Hoang Mai, Nghe An','Normal'),('KHDN000087','Nguyen Anh Yen','0955779033','Lam Son, An Giang','Normal'),('KHDN000088','Ho Thi Tho','0595550504','Hoang Mai, Nghe An','Normal'),('KHDN000089','Cao Thuong Minh Hang','0626662007','Can Tien, Can Tho','Normal'),('KHDN000090','Cao Thuong Thi Hoai','0577301984','Quan 3, Tp Ho Chi Minh','Normal'),('KHDN000091','Ho Minh Hoang','0908396576','Vinh, Nghe An','Normal'),('KHDN000092','Nguyen Minh Hoang','0125637538','Quan 2, Tp Ho Chi Minh','Normal'),('KHDN000093','Ho Thi Hieu','0359520558','Hoan Kiem, Ha Noi','Normal'),('KHDN000094','Cao Thuong Thi Lang','0643291818','Ha Dong, Ha Noi','Normal'),('KHDN000095','Cao Thuong Thi Quan','0581366341','Ha Long, Quang Ninh','Normal'),('KHDN000096','Le Van Tho','0762685036','Quan 1, Tp Ho Chi Minh','Normal'),('KHDN000097','Pham Thi Tan','0396832721','Dien Chau, Nghe An','Normal'),('KHDN000098','Cao Thuong Anh Hang','0539617871','O dau do, An Giang','Normal'),('KHDN000099','Cao Thuong Minh Hieu','0102103682','Quan 5, Tp Ho Chi Minh','Normal'),('KHDN000100','Tran Gia Hang','0521874676','Dien Chau, Nghe An','Normal'),('KHHCM000001','Pham Anh Vinh','0744544286','Thu dau mot, Can Tho','Normal'),('KHHCM000002','Pham Gia Hoai','0674412535','Quan 3, Tp Ho Chi Minh','Normal'),('KHHCM000003','Le Anh Vinh','0530218782','Lam Son, An Giang','Normal'),('KHHCM000004','Le Anh Hieu','0457977180','Quan 2, Tp Ho Chi Minh','Normal'),('KHHCM000005','Nguyen Thi Toi','0952128599','Cau Giay, Ha Noi','Normal'),('KHHCM000006','Tran Thi Hoang','0166294087','Quan 6, Tp Ho Chi Minh','Normal'),('KHHCM000007','Le Minh Hoai','0490455612','Binh Da, Binh Duong','Normal'),('KHHCM000008','Cao Thuong Duc Le','0975561094','Pi Leng, An Giang','Normal'),('KHHCM000009','Tran Van Vinh','0836237593','Hoan Kiem, Ha Noi','Normal'),('KHHCM000010','Tran Duc Toi','0239853027','Dien Chau, Nghe An','Normal'),('KHHCM000011','Le Quang Bao','0595496111','Quan 3, Tp Ho Chi Minh','Normal'),('KHHCM000012','Ho Anh Hoang','0195264576','Quan 3, Tp Ho Chi Minh','Normal'),('KHHCM000013','Ho Thi Le','0710546646','Vinh, Nghe An','Normal'),('KHHCM000014','Cao Thuong Minh Yen','0888375458','Hoan Kiem, Ha Noi','Normal'),('KHHCM000015','Tran Thi Vinh','0418288000','Binh Da, Binh Duong','Normal'),('KHHCM000016','Nguyen Thi Tho','0276932573','Quan 5, Tp Ho Chi Minh','Normal'),('KHHCM000017','Cao Thuong Duc Le','0251729505','Can Tien, Can Tho','Normal'),('KHHCM000018','Tran Van Toi','0355716148','Cung Dien, Hue','Normal'),('KHHCM000019','Le Duc Bao','0697991671','Lam Son, An Giang','Normal'),('KHHCM000020','Ho Duc Bao','0798269044','Cau Giay, Ha Noi','Normal'),('KHHCM000021','Nguyen Thi Lang','0740086226','Dien Chau, Nghe An','Normal'),('KHHCM000022','Nguyen Gia Tan','0924180738','Quan 4, Tp Ho Chi Minh','Normal'),('KHHCM000023','Nguyen Quang Tho','0810664038','Dien Chau, Nghe An','Normal'),('KHHCM000024','Nguyen Quang Toi','0215457687','O dau do, An Giang','Normal'),('KHHCM000025','Nguyen Thi Hieu','0844994359','Cau Giay, Ha Noi','Normal'),('KHHCM000026','Le Duc Tan','0809329015','Ha Dong, Ha Noi','Normal'),('KHHCM000027','Nguyen Anh Vinh','0272863631','Quan 4, Tp Ho Chi Minh','Normal'),('KHHCM000028','Ho Thi Toi','0227495519','Quan 3, Tp Ho Chi Minh','Normal'),('KHHCM000029','Nguyen Van Toi','0391319211','Lam Son, An Giang','Normal'),('KHHCM000030','Ho Quang Viet','0511130612','Cau Giay, Ha Noi','Normal'),('KHHCM000031','Nguyen Minh Bao','0556666127','Can Tien, Can Tho','Normal'),('KHHCM000032','Le Minh Tan','0330639217','Vinh, Nghe An','Normal'),('KHHCM000033','Tran Anh Hieu','0581124697','Quan 4, Tp Ho Chi Minh','Normal'),('KHHCM000034','Tran Van Bao','0299396866','Quan 2, Tp Ho Chi Minh','Normal'),('KHHCM000035','Nguyen Duc Viet','0487498273','Vinh, Nghe An','Normal'),('KHHCM000036','Le Duc Bao','0692642557','Quan 6, Tp Ho Chi Minh','Normal'),('KHHCM000037','Nguyen Gia Yen','0620455901','Quan 4, Tp Ho Chi Minh','Normal'),('KHHCM000038','Ho Minh Hieu','0109729667','Quan 2, Tp Ho Chi Minh','Normal'),('KHHCM000039','Pham Thi Hieu','0270943597','Ha Dong, Ha Noi','Normal'),('KHHCM000040','Tran Anh Quan','0949249817','Quan 5, Tp Ho Chi Minh','Normal'),('KHHCM000041','Cao Thuong Thi Toi','0345181590','Binh Da, Binh Duong','Normal'),('KHHCM000042','Pham Thi Tan','0833653241','Ha Dong, Ha Noi','Normal'),('KHHCM000043','Cao Thuong Van Yen','0347157406','Pi Leng, An Giang','Normal'),('KHHCM000044','Le Thi Hoang','0411563365','Quan 2, Tp Ho Chi Minh','Normal'),('KHHCM000045','Le Minh Yen','0402048533','Quan 3, Tp Ho Chi Minh','Normal'),('KHHCM000046','Nguyen Anh Toi','0892068082','Ha Long, Quang Ninh','Normal'),('KHHCM000047','Le Minh Lang','0611464977','Dien Chau, Nghe An','Normal'),('KHHCM000048','Nguyen Thi Tan','0162817708','O dau do, An Giang','Normal'),('KHHCM000049','Nguyen Gia Quan','0953567629','Thu dau mot, Can Tho','Normal'),('KHHCM000050','Tran Thi Hoang','0936120682','Hoan Kiem, Ha Noi','Normal'),('KHHCM000051','Tran Duc Le','0447817671','Pi Leng, An Giang','Normal'),('KHHCM000052','Tran Gia Hang','0556585186','Vinh, Nghe An','Normal'),('KHHCM000053','Pham Thi Tan','0701323715','Binh Da, Binh Duong','Normal'),('KHHCM000054','Ho Quang Hoai','0967481528','Vinh, Nghe An','Normal'),('KHHCM000055','Cao Thuong Duc Tan','0261140275','Ha Dong, Ha Noi','Normal'),('KHHCM000056','Nguyen Duc Tho','0332933597','Hoan Kiem, Ha Noi','Normal'),('KHHCM000057','Nguyen Minh Hang','0728622692','Quan 2, Tp Ho Chi Minh','Normal'),('KHHCM000058','Le Minh Le','0522032145','Hoan Kiem, Ha Noi','Normal'),('KHHCM000059','Le Thi Yen','0356602118','Cau Giay, Ha Noi','Normal'),('KHHCM000060','Cao Thuong Van Tho','0309966291','Quan 5, Tp Ho Chi Minh','Normal'),('KHHCM000061','Tran Thi Bao','0255147159','Dien Chau, Nghe An','Normal'),('KHHCM000062','Tran Thi Lang','0511180022','Dien Chau, Nghe An','Normal'),('KHHCM000063','Pham Duc Tan','0627353618','Ha Long, Quang Ninh','Normal'),('KHHCM000064','Nguyen Gia Hoang','0573347582','Dien Chau, Nghe An','Normal'),('KHHCM000065','Tran Minh Viet','0736540028','Ha Long, Quang Ninh','Normal'),('KHHCM000066','Tran Thi Yen','0949109083','Can Tien, Can Tho','Normal'),('KHHCM000067','Cao Thuong Minh Bao','0362391888','Vinh, Nghe An','Normal'),('KHHCM000068','Ho Gia Viet','0348419247','Can Tien, Can Tho','Normal'),('KHHCM000069','Nguyen Anh Hoai','0597207048','Dien Chau, Nghe An','Normal'),('KHHCM000070','Cao Thuong Thi Lang','0754703859','Lam Son, An Giang','Normal'),('KHHCM000071','Nguyen Gia Lang','0941705132','Hoan Kiem, Ha Noi','Normal'),('KHHCM000072','Tran Quang Vinh','0748108211','Quan 6, Tp Ho Chi Minh','Normal'),('KHHCM000073','Ho Thi Vinh','0698975123','Quan 1, Tp Ho Chi Minh','Normal'),('KHHCM000074','Pham Quang Hieu','0589708636','Hoang Mai, Nghe An','Normal'),('KHHCM000075','Le Duc Quan','0813918325','O dau do, An Giang','Normal'),('KHHCM000076','Le Thi Vinh','0843818746','Ha Dong, Ha Noi','Normal'),('KHHCM000077','Pham Quang Quan','0889961021','Can Tien, Can Tho','Normal'),('KHHCM000078','Cao Thuong Thi Hieu','0425466637','Cat Ba, Hai Phong','Normal'),('KHHCM000079','Pham Van Toi','0292468174','Pi Leng, An Giang','Normal'),('KHHCM000080','Ho Thi Hieu','0110078525','Dien Chau, Nghe An','Normal'),('KHHCM000081','Cao Thuong Quang Viet','0483802116','Quan 1, Tp Ho Chi Minh','Normal'),('KHHCM000082','Pham Quang Tan','0448261313','Ha Long, Quang Ninh','Normal'),('KHHCM000083','Cao Thuong Gia Tho','0471517032','Quan 4, Tp Ho Chi Minh','Normal'),('KHHCM000084','Pham Gia Lang','0712226564','O dau do, An Giang','Normal'),('KHHCM000085','Pham Anh Vinh','0925840023','Thu dau mot, Can Tho','Normal'),('KHHCM000086','Cao Thuong Duc Quan','0627780408','Hoan Kiem, Ha Noi','Normal'),('KHHCM000087','Cao Thuong Gia Lang','0862554790','Cung Dien, Hue','Normal'),('KHHCM000088','Le Quang Hoang','0438943586','Dien Chau, Nghe An','Normal'),('KHHCM000089','Le Anh Hieu','0739517736','Cau Giay, Ha Noi','Normal'),('KHHCM000090','Pham Anh Bao','0591677453','Quan 4, Tp Ho Chi Minh','Normal'),('KHHCM000091','Nguyen Minh Le','0409732942','Quan 6, Tp Ho Chi Minh','Normal'),('KHHCM000092','Ho Gia Hang','0965354081','Cung Dien, Hue','Normal'),('KHHCM000093','Nguyen Anh Quan','0349245658','Quan 5, Tp Ho Chi Minh','Normal'),('KHHCM000094','Le Quang Tan','0602731718','O dau do, An Giang','Normal'),('KHHCM000095','Nguyen Thi Lang','0371972110','Ha Long, Quang Ninh','Normal'),('KHHCM000096','Le Quang Toi','0727890799','Quan 4, Tp Ho Chi Minh','Normal'),('KHHCM000097','Ho Van Tan','0604164279','Can Tien, Can Tho','Normal'),('KHHCM000098','Cao Thuong Thi Vinh','0900038839','Dien Chau, Nghe An','Normal'),('KHHCM000099','Le Duc Hoang','0808958954','Cau Giay, Ha Noi','Normal'),('KHHCM000100','Cao Thuong Thi Quan','0148531522','Can Tien, Can Tho','Normal'),('KHHN000001','Pham Duc Lang','0259948382','Hoang Mai, Nghe An','Normal'),('KHHN000002','Pham Duc Yen','0249998345','Ha Long, Quang Ninh','Normal'),('KHHN000003','Cao Thuong Quang Quan','0671929110','Lam Son, An Giang','Normal'),('KHHN000004','Pham Duc Viet','0942488257','Cat Ba, Hai Phong','Normal'),('KHHN000005','Cao Thuong Minh Bao','0516172550','Dien Chau, Nghe An','Normal'),('KHHN000006','Le Anh Viet','0491162993','Quan 6, Tp Ho Chi Minh','Normal'),('KHHN000007','Ho Anh Le','0474422722','Quan 1, Tp Ho Chi Minh','Normal'),('KHHN000008','Ho Gia Vinh','0379452227','Cau Giay, Ha Noi','Normal'),('KHHN000009','Ho Quang Hoang','0842023486','Quan 1, Tp Ho Chi Minh','Normal'),('KHHN000010','Nguyen Thi Viet','0271867923','Hoang Mai, Nghe An','Normal'),('KHHN000011','Nguyen Thi Quan','0993539224','Hoang Mai, Nghe An','Normal'),('KHHN000012','Pham Van Quan','0470472600','Cung Dien, Hue','Normal'),('KHHN000013','Pham Thi Tan','0745164126','Quan 4, Tp Ho Chi Minh','Normal'),('KHHN000014','Pham Quang Hang','0102223205','Cau Giay, Ha Noi','Normal'),('KHHN000015','Nguyen Minh Lang','0712729763','Quan 4, Tp Ho Chi Minh','Normal'),('KHHN000016','Tran Gia Hoai','0342178703','Cat Ba, Hai Phong','Normal'),('KHHN000017','Pham Duc Tan','0251091708','Quan 5, Tp Ho Chi Minh','Normal'),('KHHN000018','Tran Thi Hang','0979174916','Hoan Kiem, Ha Noi','Normal'),('KHHN000019','Cao Thuong Thi Hoai','0899269559','Dien Chau, Nghe An','Normal'),('KHHN000020','Pham Quang Hieu','0953999512','Binh Da, Binh Duong','Normal'),('KHHN000021','Tran Anh Quan','0590114392','Thu dau mot, Can Tho','Normal'),('KHHN000022','Le Quang Vinh','0145739432','Cau Giay, Ha Noi','Normal'),('KHHN000023','Tran Van Hieu','0105827496','Cat Ba, Hai Phong','Normal'),('KHHN000024','Tran Quang Quan','0918670254','Quan 3, Tp Ho Chi Minh','Normal'),('KHHN000025','Cao Thuong Quang Tan','0550058922','Pi Leng, An Giang','Normal'),('KHHN000026','Pham Minh Tan','0993220311','Quan 5, Tp Ho Chi Minh','Normal'),('KHHN000027','Pham Duc Hoang','0525773919','Can Tien, Can Tho','Normal'),('KHHN000028','Cao Thuong Thi Hang','0480598569','Cung Dien, Hue','Normal'),('KHHN000029','Ho Duc Hang','0480683000','Quan 5, Tp Ho Chi Minh','Normal'),('KHHN000030','Le Gia Yen','0551885756','Can Tien, Can Tho','Normal'),('KHHN000031','Cao Thuong Thi Hoai','0314482041','O dau do, An Giang','Normal'),('KHHN000032','Le Quang Hieu','0770830704','Cau Giay, Ha Noi','Normal'),('KHHN000033','Tran Gia Toi','0685721001','Quan 2, Tp Ho Chi Minh','Normal'),('KHHN000034','Ho Quang Tan','0360573889','Ha Long, Quang Ninh','Normal'),('KHHN000035','Ho Thi Tan','0699570324','Cat Ba, Hai Phong','Normal'),('KHHN000036','Ho Anh Bao','0342920387','Hoan Kiem, Ha Noi','Normal'),('KHHN000037','Ho Quang Hoai','0858113590','Quan 1, Tp Ho Chi Minh','Normal'),('KHHN000038','Le Thi Hoai','0205442696','Lam Son, An Giang','Normal'),('KHHN000039','Tran Van Quan','0924304231','Vinh, Nghe An','Normal'),('KHHN000040','Le Thi Yen','0458582605','Quan 6, Tp Ho Chi Minh','Normal'),('KHHN000041','Ho Anh Bao','0770129018','Ha Dong, Ha Noi','Normal'),('KHHN000042','Pham Van Bao','0344392862','Quan 5, Tp Ho Chi Minh','Normal'),('KHHN000043','Ho Gia Hoai','0630151722','Vinh, Nghe An','Normal'),('KHHN000044','Nguyen Anh Toi','0404576016','Lam Son, An Giang','Normal'),('KHHN000045','Cao Thuong Minh Hang','0534307443','Dien Chau, Nghe An','Normal'),('KHHN000046','Pham Gia Hieu','0507142869','Hoang Mai, Nghe An','Normal'),('KHHN000047','Pham Thi Tho','0688680436','Quan 3, Tp Ho Chi Minh','Normal'),('KHHN000048','Le Anh Hoang','0392423954','Cung Dien, Hue','Normal'),('KHHN000049','Pham Minh Hoang','0541918392','Cau Giay, Ha Noi','Normal'),('KHHN000050','Nguyen Thi Tan','0467632652','Cung Dien, Hue','Normal'),('KHHN000051','Le Duc Vinh','0223290934','Ha Dong, Ha Noi','Normal'),('KHHN000052','Pham Van Vinh','0655026643','Hoan Kiem, Ha Noi','Normal'),('KHHN000053','Cao Thuong Van Hieu','0799122367','Quan 5, Tp Ho Chi Minh','Normal'),('KHHN000054','Nguyen Quang Le','0668335579','Ha Dong, Ha Noi','Normal'),('KHHN000055','Cao Thuong Gia Viet','0649677034','Quan 6, Tp Ho Chi Minh','Normal'),('KHHN000056','Nguyen Thi Le','0674462976','O dau do, An Giang','Normal'),('KHHN000057','Le Minh Hoang','0903873721','Thu dau mot, Can Tho','Normal'),('KHHN000058','Nguyen Thi Vinh','0927089666','Cung Dien, Hue','Normal'),('KHHN000059','Tran Thi Le','0345516796','Cau Giay, Ha Noi','Normal'),('KHHN000060','Pham Van Hoai','0199953871','Quan 3, Tp Ho Chi Minh','Normal'),('KHHN000061','Tran Minh Le','0598357201','Cau Giay, Ha Noi','Normal'),('KHHN000062','Le Duc Le','0524948189','Quan 4, Tp Ho Chi Minh','Normal'),('KHHN000063','Ho Duc Tan','0423748128','Quan 5, Tp Ho Chi Minh','Normal'),('KHHN000064','Pham Minh Hoai','0724716164','Binh Da, Binh Duong','Normal'),('KHHN000065','Le Quang Vinh','0258459093','Cat Ba, Hai Phong','Normal'),('KHHN000066','Pham Thi Bao','0610975494','Ha Long, Quang Ninh','Normal'),('KHHN000067','Tran Duc Toi','0521246736','Thu dau mot, Can Tho','Normal'),('KHHN000068','Nguyen Thi Tan','0517303180','Quan 3, Tp Ho Chi Minh','Normal'),('KHHN000069','Le Duc Tho','0825000966','Ha Dong, Ha Noi','Normal'),('KHHN000070','Ho Quang Toi','0821515357','Quan 1, Tp Ho Chi Minh','Normal'),('KHHN000071','Nguyen Quang Hieu','0164224277','Quan 6, Tp Ho Chi Minh','Normal'),('KHHN000072','Le Duc Bao','0926142517','Dien Chau, Nghe An','Normal'),('KHHN000073','Le Duc Toi','0683160845','Quan 6, Tp Ho Chi Minh','Normal'),('KHHN000074','Tran Gia Vinh','0839958036','Cung Dien, Hue','Normal'),('KHHN000075','Le Duc Toi','0402716590','Quan 5, Tp Ho Chi Minh','Normal'),('KHHN000076','Tran Thi Viet','0176037696','Cung Dien, Hue','Normal'),('KHHN000077','Ho Van Hieu','0607431393','Can Tien, Can Tho','Normal'),('KHHN000078','Tran Thi Hang','0769741974','Quan 1, Tp Ho Chi Minh','Normal'),('KHHN000079','Nguyen Van Yen','0523467536','Ha Long, Quang Ninh','Normal'),('KHHN000080','Tran Duc Toi','0983254153','Cau Giay, Ha Noi','Normal'),('KHHN000081','Tran Minh Lang','0182885906','Quan 6, Tp Ho Chi Minh','Normal'),('KHHN000082','Ho Van Le','0680518814','Lam Son, An Giang','Normal'),('KHHN000083','Nguyen Van Tan','0818189043','Quan 4, Tp Ho Chi Minh','Normal'),('KHHN000084','Cao Thuong Gia Toi','0962542187','Thu dau mot, Can Tho','Normal'),('KHHN000085','Pham Thi Hang','0471780041','Quan 2, Tp Ho Chi Minh','Normal'),('KHHN000086','Cao Thuong Van Hang','0338880863','Vinh, Nghe An','Normal'),('KHHN000087','Nguyen Thi Hoai','0683512168','Hoang Mai, Nghe An','Normal'),('KHHN000088','Le Gia Hieu','0560201801','Ha Dong, Ha Noi','Normal'),('KHHN000089','Tran Minh Yen','0282788963','Dien Chau, Nghe An','Normal'),('KHHN000090','Tran Thi Yen','0671253794','Hoang Mai, Nghe An','Normal'),('KHHN000091','Cao Thuong Van Toi','0437460236','Cung Dien, Hue','Normal'),('KHHN000092','Cao Thuong Anh Tan','0419934877','Thu dau mot, Can Tho','Normal'),('KHHN000093','Cao Thuong Thi Bao','0117240956','O dau do, An Giang','Normal'),('KHHN000094','Pham Van Viet','0878817032','Thu dau mot, Can Tho','Normal'),('KHHN000095','Le Thi Lang','0412303706','Hoan Kiem, Ha Noi','Normal'),('KHHN000096','Cao Thuong Thi Lang','0303344488','Cung Dien, Hue','Normal'),('KHHN000097','Ho Anh Hang','0894452276','Quan 1, Tp Ho Chi Minh','Normal'),('KHHN000098','Le Minh Quan','0593323625','Pi Leng, An Giang','Normal'),('KHHN000099','Cao Thuong Gia Lang','0523942808','Dien Chau, Nghe An','Normal'),('KHHN000100','Cao Thuong Anh Bao','0408846185','Quan 6, Tp Ho Chi Minh','Normal'),('KHNA000001','Ho Duc Hieu','0515198160','Pi Leng, An Giang','Normal'),('KHNA000002','Pham Thi Hieu','0960521070','Binh Da, Binh Duong','Normal'),('KHNA000003','Ho Thi Hieu','0563075968','Quan 6, Tp Ho Chi Minh','Normal'),('KHNA000004','Pham Anh Quan','0257551486','Quan 2, Tp Ho Chi Minh','Normal'),('KHNA000005','Tran Duc Hang','0795912079','Dien Chau, Nghe An','Normal'),('KHNA000006','Cao Thuong Duc Viet','0343501657','Can Tien, Can Tho','Normal'),('KHNA000007','Le Thi Bao','0827358625','Ha Dong, Ha Noi','Normal'),('KHNA000008','Pham Anh Hoang','0232416332','Binh Da, Binh Duong','Normal'),('KHNA000009','Le Thi Hang','0597227185','Quan 3, Tp Ho Chi Minh','Normal'),('KHNA000010','Cao Thuong Duc Hoai','0339265225','Quan 1, Tp Ho Chi Minh','Normal'),('KHNA000011','Le Minh Le','0825414561','Ha Long, Quang Ninh','Normal'),('KHNA000012','Nguyen Gia Le','0977219070','Cat Ba, Hai Phong','Normal'),('KHNA000013','Le Gia Hieu','0569999314','Vinh, Nghe An','Normal'),('KHNA000014','Tran Thi Yen','0459812652','Quan 1, Tp Ho Chi Minh','Normal'),('KHNA000015','Nguyen Thi Hoai','0960178151','Hoan Kiem, Ha Noi','Normal'),('KHNA000016','Pham Quang Hoai','0299567965','O dau do, An Giang','Normal'),('KHNA000017','Le Gia Yen','0843364370','Quan 6, Tp Ho Chi Minh','Normal'),('KHNA000018','Cao Thuong Duc Tan','0858719312','Ha Dong, Ha Noi','Normal'),('KHNA000019','Cao Thuong Van Lang','0557979818','Ha Long, Quang Ninh','Normal'),('KHNA000020','Cao Thuong Quang Tho','0896729764','Thu dau mot, Can Tho','Normal'),('KHNA000021','Cao Thuong Van Tan','0756805327','Cat Ba, Hai Phong','Normal'),('KHNA000022','Ho Thi Hang','0657291849','Hoan Kiem, Ha Noi','Normal'),('KHNA000023','Cao Thuong Gia Hieu','0682163036','Can Tien, Can Tho','Normal'),('KHNA000024','Pham Duc Quan','0959839599','Quan 2, Tp Ho Chi Minh','Normal'),('KHNA000025','Tran Duc Yen','0105612848','Quan 5, Tp Ho Chi Minh','Normal'),('KHNA000026','Tran Van Tan','0390058658','Pi Leng, An Giang','Normal'),('KHNA000027','Nguyen Van Quan','0323580777','Binh Da, Binh Duong','Normal'),('KHNA000028','Le Thi Hang','0754403953','Cat Ba, Hai Phong','Normal'),('KHNA000029','Pham Minh Viet','0105919100','Cung Dien, Hue','Normal'),('KHNA000030','Ho Anh Lang','0285637064','O dau do, An Giang','Normal'),('KHNA000031','Tran Gia Quan','0142026726','Cat Ba, Hai Phong','Normal'),('KHNA000032','Nguyen Thi Le','0775207288','Cau Giay, Ha Noi','Normal'),('KHNA000033','Cao Thuong Thi Vinh','0254294709','Quan 1, Tp Ho Chi Minh','Normal'),('KHNA000034','Ho Van Tho','0773689105','Quan 6, Tp Ho Chi Minh','Normal'),('KHNA000035','Le Minh Vinh','0813052220','Cau Giay, Ha Noi','Normal'),('KHNA000036','Pham Quang Tan','0286227864','Quan 5, Tp Ho Chi Minh','Normal'),('KHNA000037','Ho Thi Toi','0195832809','Hoang Mai, Nghe An','Normal'),('KHNA000038','Pham Gia Viet','0871844884','Quan 6, Tp Ho Chi Minh','Normal'),('KHNA000039','Ho Gia Tan','0802889708','Quan 1, Tp Ho Chi Minh','Normal'),('KHNA000040','Ho Quang Toi','0684444715','Pi Leng, An Giang','Normal'),('KHNA000041','Ho Van Hieu','0941296592','Ha Long, Quang Ninh','Normal'),('KHNA000042','Nguyen Gia Hoang','0955639275','Quan 3, Tp Ho Chi Minh','Normal'),('KHNA000043','Pham Thi Tan','0883014835','Hoang Mai, Nghe An','Normal'),('KHNA000044','Nguyen Minh Lang','0113714861','Can Tien, Can Tho','Normal'),('KHNA000045','Ho Gia Yen','0109472067','Quan 2, Tp Ho Chi Minh','Normal'),('KHNA000046','Ho Anh Le','0327152940','Cung Dien, Hue','Normal'),('KHNA000047','Nguyen Thi Hoang','0269687957','Quan 3, Tp Ho Chi Minh','Normal'),('KHNA000048','Pham Thi Tan','0302303786','Quan 4, Tp Ho Chi Minh','Normal'),('KHNA000049','Tran Gia Hang','0405686096','Quan 2, Tp Ho Chi Minh','Normal'),('KHNA000050','Nguyen Thi Quan','0310602915','Can Tien, Can Tho','Normal'),('KHNA000051','Tran Van Quan','0255707387','Thu dau mot, Can Tho','Normal'),('KHNA000052','Tran Duc Le','0622025056','Quan 1, Tp Ho Chi Minh','Normal'),('KHNA000053','Le Anh Yen','0864972117','Cung Dien, Hue','Normal'),('KHNA000054','Le Anh Yen','0110949213','Ha Long, Quang Ninh','Normal'),('KHNA000055','Cao Thuong Van Lang','0205668236','Quan 4, Tp Ho Chi Minh','Normal'),('KHNA000056','Tran Anh Bao','0818932741','Hoang Mai, Nghe An','Normal'),('KHNA000057','Nguyen Minh Tho','0183039086','Cung Dien, Hue','Normal'),('KHNA000058','Pham Quang Bao','0248847403','Hoan Kiem, Ha Noi','Normal'),('KHNA000059','Ho Duc Tho','0101248183','Lam Son, An Giang','Normal'),('KHNA000060','Nguyen Anh Tan','0678960805','Quan 3, Tp Ho Chi Minh','Normal'),('KHNA000061','Cao Thuong Van Hang','0462706808','O dau do, An Giang','Normal'),('KHNA000062','Pham Minh Toi','0690249402','Dien Chau, Nghe An','Normal'),('KHNA000063','Nguyen Quang Hoang','0764395954','Cat Ba, Hai Phong','Normal'),('KHNA000064','Pham Anh Vinh','0230998268','Quan 3, Tp Ho Chi Minh','Normal'),('KHNA000065','Tran Quang Vinh','0443363507','Dien Chau, Nghe An','Normal'),('KHNA000066','Pham Duc Hoang','0888807205','Quan 3, Tp Ho Chi Minh','Normal'),('KHNA000067','Ho Van Viet','0274852783','Cung Dien, Hue','Normal'),('KHNA000068','Ho Thi Lang','0735175547','Hoang Mai, Nghe An','Normal'),('KHNA000069','Cao Thuong Thi Le','0940874671','Lam Son, An Giang','Normal'),('KHNA000070','Le Thi Lang','0251860310','Dien Chau, Nghe An','Normal'),('KHNA000071','Nguyen Quang Tho','0710353534','Quan 1, Tp Ho Chi Minh','Normal'),('KHNA000072','Pham Gia Hoang','0831864166','Can Tien, Can Tho','Normal'),('KHNA000073','Nguyen Van Hang','0134045776','Quan 2, Tp Ho Chi Minh','Normal'),('KHNA000074','Ho Duc Tan','0779057827','Dien Chau, Nghe An','Normal'),('KHNA000075','Ho Duc Vinh','0850452481','Quan 5, Tp Ho Chi Minh','Normal'),('KHNA000076','Nguyen Thi Vinh','0756085254','Cau Giay, Ha Noi','Normal'),('KHNA000077','Nguyen Gia Viet','0195584715','Binh Da, Binh Duong','Normal'),('KHNA000078','Le Thi Bao','0190510868','Ha Long, Quang Ninh','Normal'),('KHNA000079','Ho Thi Le','0626523999','Quan 2, Tp Ho Chi Minh','Normal'),('KHNA000080','Ho Minh Yen','0451815594','Can Tien, Can Tho','Normal'),('KHNA000081','Ho Quang Hoai','0473917634','Ha Dong, Ha Noi','Normal'),('KHNA000082','Le Quang Tan','0996903878','Ha Long, Quang Ninh','Normal'),('KHNA000083','Tran Minh Bao','0437584432','Cung Dien, Hue','Normal'),('KHNA000084','Tran Thi Tho','0364629674','Quan 5, Tp Ho Chi Minh','Normal'),('KHNA000085','Le Van Bao','0647545891','Ha Dong, Ha Noi','Normal'),('KHNA000086','Le Anh Vinh','0136051016','Can Tien, Can Tho','Normal'),('KHNA000087','Tran Gia Hoai','0420106420','Ha Long, Quang Ninh','Normal'),('KHNA000088','Cao Thuong Quang Bao','0793092866','Lam Son, An Giang','Normal'),('KHNA000089','Tran Anh Hoang','0655013632','Ha Long, Quang Ninh','Normal'),('KHNA000090','Ho Van Tan','0924903406','Quan 5, Tp Ho Chi Minh','Normal'),('KHNA000091','Le Quang Lang','0742175748','Hoang Mai, Nghe An','Normal'),('KHNA000092','Cao Thuong Gia Hang','0753197805','Vinh, Nghe An','Normal'),('KHNA000093','Tran Gia Tho','0817954377','Quan 3, Tp Ho Chi Minh','Normal'),('KHNA000094','Nguyen Van Hoang','0246466300','Cat Ba, Hai Phong','Normal'),('KHNA000095','Nguyen Duc Bao','0303375818','Cau Giay, Ha Noi','Normal'),('KHNA000096','Le Gia Bao','0584863461','Thu dau mot, Can Tho','Normal'),('KHNA000097','Tran Quang Le','0973211055','Quan 2, Tp Ho Chi Minh','Normal'),('KHNA000098','Nguyen Duc Tan','0891620919','Quan 2, Tp Ho Chi Minh','Normal'),('KHNA000099','Tran Gia Lang','0316158344','Binh Da, Binh Duong','Normal'),('KHNA000100','Cao Thuong Duc Hieu','0748483078','Lam Son, An Giang','Normal');
/*!40000 ALTER TABLE `Customer` ENABLE KEYS */;
UNLOCK TABLES;

--
-- Table structure for table `Hotel`
--

DROP TABLE IF EXISTS `Hotel`;
/*!40101 SET @saved_cs_client     = @@character_set_client */;
/*!40101 SET character_set_client = utf8 */;
CREATE TABLE `Hotel` (
  `hotel_id` varchar(20) NOT NULL,
  `location` varchar(100) DEFAULT NULL,
  `hotel_name` varchar(50) DEFAULT NULL,
  `owner_name` varchar(50) DEFAULT NULL,
  PRIMARY KEY (`hotel_id`)
) ENGINE=InnoDB DEFAULT CHARSET=latin1;
/*!40101 SET character_set_client = @saved_cs_client */;

--
-- Dumping data for table `Hotel`
--

LOCK TABLES `Hotel` WRITE;
/*!40000 ALTER TABLE `Hotel` DISABLE KEYS */;
INSERT INTO `Hotel` VALUES ('AG','An Giang','Muong Thanh An Giang','Cao Thuong'),('BD','Binh Duong','Muong Thanh Binh Duong','Cao Thuong'),('DN','Da Nang','Muong Thanh Da Nang','Cao Thuong'),('HCM','TP Ho Chi Minh','Muong Thanh Sai Gon','Cao Thuong'),('HN','Ha Noi','Muong Thanh Ha Noi','Cao Thuong'),('NA','Nghe An','Muong Thanh Nghe An','Cao Thuong');
/*!40000 ALTER TABLE `Hotel` ENABLE KEYS */;
UNLOCK TABLES;

--
-- Table structure for table `Payment`
--

DROP TABLE IF EXISTS `Payment`;
/*!40101 SET @saved_cs_client     = @@character_set_client */;
/*!40101 SET character_set_client = utf8 */;
CREATE TABLE `Payment` (
  `payment_id` varchar(20) NOT NULL,
  `booking_id` varchar(20) DEFAULT NULL,
  `payment_method` varchar(50) DEFAULT NULL,
  `total_amount` float DEFAULT NULL,
  `payment_date` datetime DEFAULT NULL,
  PRIMARY KEY (`payment_id`)
) ENGINE=InnoDB DEFAULT CHARSET=latin1;
/*!40101 SET character_set_client = @saved_cs_client */;

--
-- Dumping data for table `Payment`
--

LOCK TABLES `Payment` WRITE;
/*!40000 ALTER TABLE `Payment` DISABLE KEYS */;
INSERT INTO `Payment` VALUES ('PHN000001','OHN000001','Mobile Banking',1500000,'2021-10-30 00:47:35'),('PHN000002','OHN000002','Paid in advance',5600000,'2023-01-11 22:42:34'),('PHN000003','OHN000003','Paid in advance',5600000,'2023-04-11 20:09:05'),('PHN000004','OHN000004','Directly',5300000,'2020-06-23 01:15:23'),('PHN000005','OHN000005','Mobile Banking',4800000,'2021-07-28 06:09:02'),('PHN000006','OHN000006','Mobile Banking',3600000,'2020-08-08 06:19:59'),('PHN000007','OHN000007','Directly',4400000,'2020-03-02 09:10:53'),('PHN000008','OHN000008','Paid in advance',1800000,'2022-09-22 08:21:03'),('PHN000009','OHN000009','Mobile Banking',5400000,'2022-10-16 07:25:16'),('PHN000010','OHN000010','Mobile Banking',5300000,'2021-11-10 00:59:33'),('PHN000011','OHN000011','Directly',4400000,'2020-03-03 21:00:46'),('PHN000012','OHN000012','Directly',2500000,'2021-06-24 16:42:29'),('PHN000013','OHN000013','Mobile Banking',1400000,'2021-12-06 06:07:14'),('PHN000014','OHN000014','Mobile Banking',1800000,'2022-06-04 08:29:32'),('PHN000015','OHN000015','Directly',5400000,'2021-01-05 00:47:34'),('PHN000016','OHN000016','Paid in advance',3400000,'2021-10-18 00:19:06'),('PHN000017','OHN000017','Directly',5000000,'2021-10-15 04:41:47'),('PHN000018','OHN000018','Mobile Banking',3200000,'2022-10-18 14:33:41'),('PHN000019','OHN000019','Directly',2900000,'2021-04-22 09:18:48'),('PHN000020','OHN000020','Paid in advance',3200000,'2021-09-06 10:28:45'),('PHN000021','OHN000021','Mobile Banking',3600000,'2021-02-14 23:36:29'),('PHN000022','OHN000022','Directly',4000000,'2022-01-22 23:36:28'),('PHN000023','OHN000023','Mobile Banking',4800000,'2020-04-05 13:05:59'),('PHN000024','OHN000024','Paid in advance',4700000,'2020-11-28 08:22:15'),('PHN000025','OHN000025','Mobile Banking',3800000,'2022-02-15 21:08:05'),('PHN000026','OHN000026','Mobile Banking',5400000,'2022-08-10 03:09:53'),('PHN000027','OHN000027','Mobile Banking',5400000,'2023-04-12 05:16:21'),('PHN000028','OHN000028','Paid in advance',3300000,'2023-04-15 23:28:59'),('PHN000029','OHN000029','Directly',2700000,'2022-11-17 20:05:59'),('PHN000030','OHN000030','Paid in advance',3400000,'2022-02-15 19:40:15'),('PHN000031','OHN000031','Directly',2700000,'2020-01-15 21:25:42'),('PHN000032','OHN000032','Mobile Banking',1800000,'2022-12-02 16:46:22'),('PHN000033','OHN000033','Directly',3500000,'2020-07-15 01:34:21'),('PHN000034','OHN000034','Directly',5400000,'2020-04-03 16:22:23'),('PHN000035','OHN000035','Mobile Banking',3500000,'2020-09-07 05:47:48'),('PHN000036','OHN000036','Directly',1800000,'2022-03-11 21:35:02'),('PHN000037','OHN000037','Mobile Banking',4500000,'2023-01-25 21:46:41'),('PHN000038','OHN000038','Paid in advance',2700000,'2020-11-08 19:05:35'),('PHN000039','OHN000039','Directly',5100000,'2023-02-17 22:18:29'),('PHN000040','OHN000040','Paid in advance',1700000,'2022-06-10 11:42:32'),('PHN000041','OHN000041','Directly',5300000,'2022-05-28 10:03:18'),('PHN000042','OHN000042','Mobile Banking',5400000,'2020-12-27 17:35:02'),('PHN000043','OHN000043','Directly',2300000,'2022-02-28 15:04:27'),('PHN000044','OHN000044','Directly',3100000,'2020-07-06 14:50:38'),('PHN000045','OHN000045','Paid in advance',4400000,'2020-03-08 14:39:29'),('PHN000046','OHN000046','Paid in advance',4800000,'2023-03-16 13:18:47'),('PHN000047','OHN000047','Directly',4300000,'2021-03-27 19:02:48'),('PHN000048','OHN000048','Mobile Banking',2900000,'2020-05-05 21:21:38'),('PHN000049','OHN000049','Paid in advance',2800000,'2023-01-14 08:05:02'),('PHN000050','OHN000050','Paid in advance',1500000,'2021-09-16 18:38:00'),('PHN000051','OHN000051','Paid in advance',2200000,'2022-12-28 10:53:57'),('PHN000052','OHN000052','Mobile Banking',2400000,'2020-02-06 10:40:05'),('PHN000053','OHN000053','Mobile Banking',3000000,'2023-04-04 06:20:12'),('PHN000054','OHN000054','Mobile Banking',2400000,'2020-01-25 02:00:44'),('PHN000055','OHN000055','Directly',3600000,'2020-11-09 18:28:09'),('PHN000056','OHN000056','Directly',2500000,'2022-01-11 09:01:35'),('PHN000057','OHN000057','Paid in advance',4700000,'2020-07-28 22:49:41'),('PHN000058','OHN000058','Paid in advance',2400000,'2023-01-19 11:32:46'),('PHN000059','OHN000059','Mobile Banking',3900000,'2022-07-27 23:48:06'),('PHN000060','OHN000060','Paid in advance',5400000,'2023-02-19 12:22:33'),('PHN000061','OHN000061','Paid in advance',3200000,'2020-06-14 03:37:55'),('PHN000062','OHN000062','Paid in advance',2100000,'2021-06-18 14:18:15'),('PHN000063','OHN000063','Mobile Banking',2400000,'2022-02-14 17:42:49'),('PHN000064','OHN000064','Directly',2900000,'2022-06-24 07:20:24'),('PHN000065','OHN000065','Mobile Banking',5700000,'2023-02-17 05:16:06'),('PHN000066','OHN000066','Directly',1600000,'2020-09-20 01:36:02'),('PHN000067','OHN000067','Mobile Banking',3600000,'2021-03-15 04:29:09'),('PHN000068','OHN000068','Paid in advance',2100000,'2023-02-16 18:30:17'),('PHN000069','OHN000069','Mobile Banking',4400000,'2020-06-30 03:30:16'),('PHN000070','OHN000070','Mobile Banking',1600000,'2023-03-05 14:29:58'),('PHN000071','OHN000071','Directly',3900000,'2021-08-28 21:37:51'),('PHN000072','OHN000072','Mobile Banking',3400000,'2022-08-07 11:03:15'),('PHN000073','OHN000073','Paid in advance',3000000,'2020-06-20 23:56:10'),('PHN000074','OHN000074','Directly',1900000,'2023-04-07 20:48:29'),('PHN000075','OHN000075','Directly',4100000,'2020-09-15 06:15:01'),('PHN000076','OHN000076','Mobile Banking',3800000,'2020-03-16 14:11:49'),('PHN000077','OHN000077','Directly',1600000,'2022-05-05 07:17:13'),('PHN000078','OHN000078','Mobile Banking',2900000,'2020-05-28 08:09:05'),('PHN000079','OHN000079','Mobile Banking',4200000,'2022-03-05 15:35:17'),('PHN000080','OHN000080','Mobile Banking',4300000,'2020-04-14 15:47:43'),('PHN000081','OHN000081','Directly',1500000,'2021-07-24 09:42:02'),('PHN000082','OHN000082','Paid in advance',1700000,'2020-02-17 23:30:22'),('PHN000083','OHN000083','Mobile Banking',3900000,'2023-01-27 03:12:08'),('PHN000084','OHN000084','Mobile Banking',3800000,'2023-01-12 09:20:20'),('PHN000085','OHN000085','Paid in advance',1800000,'2021-09-09 19:20:55'),('PHN000086','OHN000086','Paid in advance',3700000,'2021-02-14 04:29:58'),('PHN000087','OHN000087','Directly',4900000,'2021-02-06 01:27:16'),('PHN000088','OHN000088','Directly',2600000,'2020-11-30 09:30:05'),('PHN000089','OHN000089','Mobile Banking',5100000,'2021-04-10 04:06:15'),('PHN000090','OHN000090','Paid in advance',3200000,'2020-04-07 03:46:36'),('PHN000091','OHN000091','Paid in advance',2800000,'2020-04-27 09:12:22'),('PHN000092','OHN000092','Directly',3200000,'2022-08-04 08:41:11'),('PHN000093','OHN000093','Mobile Banking',3300000,'2023-01-24 15:03:05'),('PHN000094','OHN000094','Mobile Banking',4000000,'2023-01-06 01:07:38'),('PHN000095','OHN000095','Directly',3100000,'2022-09-08 09:28:07'),('PHN000096','OHN000096','Mobile Banking',1500000,'2022-09-06 00:17:00'),('PHN000097','OHN000097','Mobile Banking',3300000,'2020-01-23 03:21:34'),('PHN000098','OHN000098','Mobile Banking',3000000,'2022-06-14 07:05:46'),('PHN000099','OHN000099','Mobile Banking',5800000,'2021-03-02 10:45:37'),('PHN000100','OHN000100','Paid in advance',3700000,'2023-02-11 18:13:09'),('PHN000101','OHN000101','Mobile Banking',4700000,'2021-05-29 21:33:56'),('PHN000102','OHN000102','Directly',4100000,'2023-03-26 02:40:03'),('PHN000103','OHN000103','Directly',4800000,'2021-03-17 07:22:50'),('PHN000104','OHN000104','Mobile Banking',2100000,'2023-03-13 19:07:16'),('PHN000105','OHN000105','Paid in advance',2400000,'2020-08-09 16:55:40'),('PHN000106','OHN000106','Paid in advance',2000000,'2020-01-11 20:54:26'),('PHN000107','OHN000107','Mobile Banking',4700000,'2021-08-12 10:48:29'),('PHN000108','OHN000108','Paid in advance',3600000,'2022-12-10 22:46:59'),('PHN000109','OHN000109','Mobile Banking',1800000,'2022-10-19 08:51:33'),('PHN000110','OHN000110','Directly',1000000,'2020-03-09 14:15:14'),('PHN000111','OHN000111','Paid in advance',2600000,'2020-02-09 19:39:37'),('PHN000112','OHN000112','Directly',5100000,'2022-05-04 10:08:46'),('PHN000113','OHN000113','Mobile Banking',3400000,'2022-12-14 19:42:08'),('PHN000114','OHN000114','Mobile Banking',3000000,'2023-01-10 09:19:13'),('PHN000115','OHN000115','Mobile Banking',4500000,'2023-04-02 02:40:34'),('PHN000116','OHN000116','Directly',1500000,'2023-04-29 23:52:33'),('PHN000117','OHN000117','Mobile Banking',1300000,'2023-02-06 15:14:17'),('PHN000118','OHN000118','Mobile Banking',3400000,'2022-06-20 03:10:07'),('PHN000119','OHN000119','Mobile Banking',2200000,'2023-03-07 08:41:05'),('PHN000120','OHN000120','Mobile Banking',2800000,'2021-10-06 14:33:04'),('PHN000121','OHN000121','Directly',4800000,'2021-02-26 16:33:19'),('PHN000122','OHN000122','Mobile Banking',5500000,'2023-01-29 00:20:22'),('PHN000123','OHN000123','Paid in advance',5000000,'2021-07-15 07:39:10'),('PHN000124','OHN000124','Directly',2000000,'2023-02-10 09:21:12'),('PHN000125','OHN000125','Directly',2800000,'2023-04-05 11:14:16'),('PHN000126','OHN000126','Mobile Banking',1700000,'2023-01-25 03:13:56'),('PHN000127','OHN000127','Mobile Banking',5200000,'2023-04-11 04:39:44'),('PHN000128','OHN000128','Mobile Banking',2100000,'2021-10-21 06:28:06'),('PHN000129','OHN000129','Directly',4600000,'2021-08-06 04:45:27'),('PHN000130','OHN000130','Mobile Banking',4000000,'2021-12-15 09:57:35'),('PHN000131','OHN000131','Directly',4800000,'2022-10-13 22:33:30'),('PHN000132','OHN000132','Mobile Banking',2700000,'2023-02-03 18:29:22'),('PHN000133','OHN000133','Mobile Banking',2600000,'2023-04-11 12:56:48'),('PHN000134','OHN000134','Paid in advance',1600000,'2020-09-22 07:25:31'),('PHN000135','OHN000135','Paid in advance',4600000,'2020-12-27 22:47:59'),('PHN000136','OHN000136','Paid in advance',4000000,'2020-10-21 04:02:07'),('PHN000137','OHN000137','Directly',4500000,'2022-11-26 06:51:16'),('PHN000138','OHN000138','Directly',4900000,'2020-03-08 22:46:53'),('PHN000139','OHN000139','Directly',2600000,'2020-09-21 21:26:26'),('PHN000140','OHN000140','Directly',4500000,'2020-08-21 22:44:39'),('PHN000141','OHN000141','Mobile Banking',1300000,'2020-07-10 17:13:01'),('PHN000142','OHN000142','Directly',3600000,'2021-06-23 08:42:20');
/*!40000 ALTER TABLE `Payment` ENABLE KEYS */;
UNLOCK TABLES;

--
-- Table structure for table `Room`
--

DROP TABLE IF EXISTS `Room`;
/*!40101 SET @saved_cs_client     = @@character_set_client */;
/*!40101 SET character_set_client = utf8 */;
CREATE TABLE `Room` (
  `room_id` varchar(20) NOT NULL,
  `hotel_id` varchar(20) DEFAULT NULL,
  `service_id` varchar(20) DEFAULT NULL,
  `room_type` varchar(20) DEFAULT NULL,
  `bed_count` int(11) DEFAULT NULL,
  `room_status` varchar(20) DEFAULT NULL,
  `price_per_day` float DEFAULT NULL,
  PRIMARY KEY (`room_id`)
) ENGINE=InnoDB DEFAULT CHARSET=latin1;
/*!40101 SET character_set_client = @saved_cs_client */;

--
-- Dumping data for table `Room`
--

LOCK TABLES `Room` WRITE;
/*!40000 ALTER TABLE `Room` DISABLE KEYS */;
INSERT INTO `Room` VALUES ('AG101','AG','SV06','VIP',8,'Booked',1000000),('AG102','AG','SV01','Normal',3,'Booked',400000),('AG103','AG','SV03','VIP',6,'Available',1000000),('AG104','AG','SV05','VIP',3,'Available',1000000),('AG105','AG','SV03','Normal',4,'Available',400000),('AG106','AG','SV05','VIP',7,'Booked',1000000),('AG107','AG','SV03','Normal',8,'Booked',400000),('AG108','AG','SV05','Normal',3,'Booked',400000),('AG109','AG','SV02','Normal',5,'Available',400000),('AG201','AG','SV02','Normal',6,'Booked',400000),('AG202','AG','SV03','VIP',2,'Available',1000000),('AG203','AG','SV05','VIP',4,'Available',1000000),('AG204','AG','SV03','Normal',2,'Booked',400000),('AG205','AG','SV05','VIP',2,'Booked',1000000),('AG206','AG','SV03','Normal',8,'Booked',400000),('AG207','AG','SV01','Normal',8,'Available',400000),('AG208','AG','SV02','Normal',2,'Booked',400000),('AG209','AG','SV04','Normal',6,'Booked',400000),('AG301','AG','SV03','VIP',4,'Booked',1000000),('AG302','AG','SV04','VIP',7,'Booked',1000000),('AG303','AG','SV05','Normal',4,'Booked',400000),('AG304','AG','SV04','VIP',5,'Booked',1000000),('AG305','AG','SV05','VIP',4,'Booked',1000000),('AG306','AG','SV06','Normal',2,'Booked',400000),('AG307','AG','SV01','VIP',4,'Booked',1000000),('AG308','AG','SV01','Normal',8,'Available',400000),('AG309','AG','SV02','Normal',8,'Booked',400000),('AG401','AG','SV01','VIP',3,'Available',1000000),('AG402','AG','SV04','Normal',8,'Available',400000),('AG403','AG','SV06','Normal',2,'Booked',400000),('AG404','AG','SV02','VIP',4,'Available',1000000),('AG405','AG','SV05','VIP',6,'Available',1000000),('AG406','AG','SV02','VIP',2,'Booked',1000000),('AG407','AG','SV06','VIP',4,'Booked',1000000),('AG408','AG','SV02','Normal',8,'Booked',400000),('AG409','AG','SV05','VIP',7,'Booked',1000000),('AG501','AG','SV05','Normal',2,'Available',400000),('AG502','AG','SV05','Normal',4,'Available',400000),('AG503','AG','SV03','VIP',4,'Available',1000000),('AG504','AG','SV02','Normal',6,'Available',400000),('AG505','AG','SV03','Normal',6,'Available',400000),('AG506','AG','SV05','VIP',4,'Booked',1000000),('AG507','AG','SV03','VIP',7,'Booked',1000000),('AG508','AG','SV06','VIP',8,'Available',1000000),('AG509','AG','SV03','Normal',4,'Booked',400000),('BD101','BD','SV05','VIP',4,'Booked',1000000),('BD102','BD','SV03','Normal',2,'Booked',400000),('BD103','BD','SV05','Normal',5,'Available',400000),('BD104','BD','SV05','Normal',6,'Booked',400000),('BD105','BD','SV05','Normal',5,'Available',400000),('BD106','BD','SV06','Normal',4,'Booked',400000),('BD107','BD','SV02','VIP',3,'Available',1000000),('BD108','BD','SV03','VIP',3,'Booked',1000000),('BD109','BD','SV02','VIP',2,'Booked',1000000),('BD201','BD','SV06','VIP',8,'Available',1000000),('BD202','BD','SV05','Normal',2,'Available',400000),('BD203','BD','SV02','VIP',4,'Booked',1000000),('BD204','BD','SV06','VIP',2,'Available',1000000),('BD205','BD','SV04','VIP',2,'Available',1000000),('BD206','BD','SV03','VIP',3,'Booked',1000000),('BD207','BD','SV05','Normal',7,'Booked',400000),('BD208','BD','SV03','Normal',5,'Booked',400000),('BD209','BD','SV03','VIP',4,'Booked',1000000),('BD301','BD','SV01','VIP',7,'Booked',1000000),('BD302','BD','SV01','VIP',5,'Available',1000000),('BD303','BD','SV06','Normal',8,'Available',400000),('BD304','BD','SV05','Normal',3,'Booked',400000),('BD305','BD','SV06','VIP',3,'Available',1000000),('BD306','BD','SV01','VIP',8,'Booked',1000000),('BD307','BD','SV06','Normal',5,'Booked',400000),('BD308','BD','SV04','VIP',7,'Booked',1000000),('BD309','BD','SV02','Normal',8,'Booked',400000),('BD401','BD','SV06','VIP',2,'Available',1000000),('BD402','BD','SV04','Normal',6,'Booked',400000),('BD403','BD','SV02','VIP',4,'Available',1000000),('BD404','BD','SV06','Normal',7,'Available',400000),('BD405','BD','SV05','VIP',3,'Available',1000000),('BD406','BD','SV05','VIP',5,'Available',1000000),('BD407','BD','SV05','VIP',5,'Available',1000000),('BD408','BD','SV02','VIP',4,'Booked',1000000),('BD409','BD','SV02','Normal',5,'Available',400000),('BD501','BD','SV04','Normal',5,'Booked',400000),('BD502','BD','SV02','Normal',2,'Available',400000),('BD503','BD','SV03','VIP',5,'Available',1000000),('BD504','BD','SV06','VIP',2,'Available',1000000),('BD505','BD','SV06','VIP',4,'Available',1000000),('BD506','BD','SV04','Normal',4,'Booked',400000),('BD507','BD','SV01','Normal',2,'Available',400000),('BD508','BD','SV02','Normal',8,'Available',400000),('BD509','BD','SV05','Normal',3,'Booked',400000),('DN101','DN','SV03','Normal',6,'Available',400000),('DN102','DN','SV01','Normal',4,'Available',400000),('DN103','DN','SV03','Normal',3,'Available',400000),('DN104','DN','SV06','VIP',6,'Booked',1000000),('DN105','DN','SV05','VIP',2,'Available',1000000),('DN106','DN','SV06','Normal',7,'Booked',400000),('DN107','DN','SV04','Normal',2,'Booked',400000),('DN108','DN','SV02','Normal',8,'Available',400000),('DN109','DN','SV06','VIP',7,'Available',1000000),('DN201','DN','SV01','Normal',2,'Available',400000),('DN202','DN','SV02','Normal',4,'Booked',400000),('DN203','DN','SV01','Normal',5,'Available',400000),('DN204','DN','SV02','VIP',3,'Booked',1000000),('DN205','DN','SV05','Normal',2,'Available',400000),('DN206','DN','SV02','Normal',2,'Available',400000),('DN207','DN','SV04','Normal',3,'Available',400000),('DN208','DN','SV01','VIP',6,'Booked',1000000),('DN209','DN','SV05','VIP',3,'Booked',1000000),('DN301','DN','SV04','VIP',6,'Available',1000000),('DN302','DN','SV06','VIP',3,'Booked',1000000),('DN303','DN','SV05','VIP',7,'Booked',1000000),('DN304','DN','SV05','VIP',4,'Booked',1000000),('DN305','DN','SV03','Normal',7,'Available',400000),('DN306','DN','SV03','VIP',8,'Available',1000000),('DN307','DN','SV02','VIP',5,'Booked',1000000),('DN308','DN','SV04','VIP',7,'Booked',1000000),('DN309','DN','SV05','Normal',3,'Available',400000),('DN401','DN','SV01','Normal',6,'Available',400000),('DN402','DN','SV03','VIP',3,'Available',1000000),('DN403','DN','SV02','Normal',4,'Available',400000),('DN404','DN','SV06','VIP',5,'Booked',1000000),('DN405','DN','SV04','Normal',3,'Available',400000),('DN406','DN','SV06','VIP',5,'Available',1000000),('DN407','DN','SV05','Normal',5,'Available',400000),('DN408','DN','SV03','Normal',7,'Booked',400000),('DN409','DN','SV05','VIP',8,'Booked',1000000),('DN501','DN','SV04','VIP',8,'Booked',1000000),('DN502','DN','SV05','Normal',7,'Available',400000),('DN503','DN','SV01','VIP',7,'Available',1000000),('DN504','DN','SV01','VIP',3,'Available',1000000),('DN505','DN','SV05','VIP',7,'Booked',1000000),('DN506','DN','SV05','Normal',8,'Booked',400000),('DN507','DN','SV02','VIP',3,'Available',1000000),('DN508','DN','SV01','VIP',6,'Booked',1000000),('DN509','DN','SV06','Normal',2,'Available',400000),('HCM101','HCM','SV02','VIP',3,'Booked',1000000),('HCM102','HCM','SV05','VIP',6,'Booked',1000000),('HCM103','HCM','SV06','VIP',4,'Available',1000000),('HCM104','HCM','SV06','VIP',7,'Booked',1000000),('HCM105','HCM','SV03','VIP',7,'Booked',1000000),('HCM106','HCM','SV04','Normal',7,'Booked',400000),('HCM107','HCM','SV04','Normal',6,'Booked',400000),('HCM108','HCM','SV04','Normal',5,'Booked',400000),('HCM109','HCM','SV06','Normal',2,'Booked',400000),('HCM201','HCM','SV06','Normal',5,'Booked',400000),('HCM202','HCM','SV03','VIP',3,'Available',1000000),('HCM203','HCM','SV02','Normal',7,'Booked',400000),('HCM204','HCM','SV03','VIP',2,'Booked',1000000),('HCM205','HCM','SV05','VIP',8,'Available',1000000),('HCM206','HCM','SV04','Normal',2,'Booked',400000),('HCM207','HCM','SV01','Normal',3,'Available',400000),('HCM208','HCM','SV05','Normal',2,'Booked',400000),('HCM209','HCM','SV06','VIP',7,'Available',1000000),('HCM301','HCM','SV06','Normal',8,'Booked',400000),('HCM302','HCM','SV05','VIP',8,'Booked',1000000),('HCM303','HCM','SV03','VIP',2,'Available',1000000),('HCM304','HCM','SV02','Normal',6,'Available',400000),('HCM305','HCM','SV01','VIP',7,'Available',1000000),('HCM306','HCM','SV06','VIP',8,'Available',1000000),('HCM307','HCM','SV06','VIP',2,'Available',1000000),('HCM308','HCM','SV04','Normal',4,'Booked',400000),('HCM309','HCM','SV04','VIP',6,'Booked',1000000),('HCM401','HCM','SV02','Normal',8,'Available',400000),('HCM402','HCM','SV04','VIP',3,'Available',1000000),('HCM403','HCM','SV02','Normal',2,'Booked',400000),('HCM404','HCM','SV04','VIP',4,'Available',1000000),('HCM405','HCM','SV01','VIP',3,'Available',1000000),('HCM406','HCM','SV03','Normal',4,'Booked',400000),('HCM407','HCM','SV04','Normal',7,'Booked',400000),('HCM408','HCM','SV06','Normal',8,'Booked',400000),('HCM409','HCM','SV03','Normal',5,'Booked',400000),('HCM501','HCM','SV01','VIP',7,'Available',1000000),('HCM502','HCM','SV02','VIP',6,'Booked',1000000),('HCM503','HCM','SV06','VIP',3,'Booked',1000000),('HCM504','HCM','SV06','Normal',4,'Booked',400000),('HCM505','HCM','SV01','Normal',5,'Available',400000),('HCM506','HCM','SV05','Normal',6,'Booked',400000),('HCM507','HCM','SV04','VIP',3,'Available',1000000),('HCM508','HCM','SV05','VIP',5,'Available',1000000),('HCM509','HCM','SV05','Normal',8,'Available',400000),('HN101','HN','SV02','Normal',4,'Available',400000),('HN102','HN','SV04','VIP',6,'Booked',1000000),('HN103','HN','SV01','VIP',4,'Booked',1000000),('HN104','HN','SV06','VIP',8,'Available',1000000),('HN105','HN','SV04','Normal',8,'Booked',400000),('HN106','HN','SV03','Normal',7,'Booked',400000),('HN107','HN','SV01','Normal',4,'Available',400000),('HN108','HN','SV02','Normal',3,'Booked',400000),('HN109','HN','SV03','VIP',8,'Available',1000000),('HN201','HN','SV01','VIP',6,'Available',1000000),('HN202','HN','SV05','VIP',7,'Available',1000000),('HN203','HN','SV05','Normal',6,'Booked',400000),('HN204','HN','SV04','Normal',2,'Booked',400000),('HN205','HN','SV06','Normal',7,'Booked',400000),('HN206','HN','SV05','VIP',7,'Available',1000000),('HN207','HN','SV06','Normal',3,'Available',400000),('HN208','HN','SV03','Normal',4,'Booked',400000),('HN209','HN','SV03','Normal',5,'Available',400000),('HN301','HN','SV05','VIP',3,'Booked',1000000),('HN302','HN','SV03','VIP',5,'Available',1000000),('HN303','HN','SV04','VIP',5,'Booked',1000000),('HN304','HN','SV02','Normal',8,'Available',400000),('HN305','HN','SV06','VIP',3,'Booked',1000000),('HN306','HN','SV01','VIP',5,'Booked',1000000),('HN307','HN','SV04','VIP',6,'Booked',1000000),('HN308','HN','SV03','Normal',2,'Booked',400000),('HN309','HN','SV06','Normal',5,'Booked',400000),('HN401','HN','SV06','Normal',5,'Booked',400000),('HN402','HN','SV02','Normal',3,'Booked',400000),('HN403','HN','SV02','Normal',2,'Available',400000),('HN404','HN','SV03','VIP',4,'Booked',1000000),('HN405','HN','SV03','VIP',5,'Booked',1000000),('HN406','HN','SV02','Normal',6,'Booked',400000),('HN407','HN','SV05','VIP',3,'Available',1000000),('HN408','HN','SV02','VIP',2,'Available',1000000),('HN409','HN','SV05','Normal',6,'Booked',400000),('HN501','HN','SV04','VIP',5,'Booked',1000000),('HN502','HN','SV02','Normal',3,'Available',400000),('HN503','HN','SV04','Normal',3,'Booked',400000),('HN504','HN','SV04','Normal',6,'Available',400000),('HN505','HN','SV06','VIP',5,'Available',1000000),('HN506','HN','SV02','Normal',2,'Booked',400000),('HN507','HN','SV02','VIP',4,'Booked',1000000),('HN508','HN','SV05','Normal',2,'Booked',400000),('HN509','HN','SV04','Normal',5,'Available',400000),('NA101','NA','SV05','VIP',3,'Available',1000000),('NA102','NA','SV06','VIP',4,'Booked',1000000),('NA103','NA','SV03','Normal',3,'Available',400000),('NA104','NA','SV06','Normal',8,'Booked',400000),('NA105','NA','SV04','VIP',4,'Booked',1000000),('NA106','NA','SV06','VIP',7,'Available',1000000),('NA107','NA','SV05','Normal',5,'Booked',400000),('NA108','NA','SV03','Normal',5,'Available',400000),('NA109','NA','SV04','VIP',5,'Booked',1000000),('NA201','NA','SV06','Normal',6,'Booked',400000),('NA202','NA','SV06','Normal',6,'Booked',400000),('NA203','NA','SV03','Normal',5,'Booked',400000),('NA204','NA','SV04','Normal',7,'Booked',400000),('NA205','NA','SV01','Normal',5,'Available',400000),('NA206','NA','SV06','VIP',5,'Available',1000000),('NA207','NA','SV04','Normal',4,'Booked',400000),('NA208','NA','SV02','VIP',4,'Available',1000000),('NA209','NA','SV01','VIP',3,'Booked',1000000),('NA301','NA','SV06','VIP',3,'Available',1000000),('NA302','NA','SV04','VIP',2,'Available',1000000),('NA303','NA','SV04','VIP',3,'Available',1000000),('NA304','NA','SV01','Normal',7,'Booked',400000),('NA305','NA','SV01','Normal',8,'Available',400000),('NA306','NA','SV04','Normal',6,'Available',400000),('NA307','NA','SV06','Normal',7,'Available',400000),('NA308','NA','SV01','VIP',2,'Booked',1000000),('NA309','NA','SV06','Normal',7,'Booked',400000),('NA401','NA','SV06','VIP',6,'Booked',1000000),('NA402','NA','SV01','VIP',7,'Booked',1000000),('NA403','NA','SV06','VIP',3,'Available',1000000),('NA404','NA','SV05','Normal',6,'Booked',400000),('NA405','NA','SV06','Normal',6,'Booked',400000),('NA406','NA','SV05','Normal',7,'Booked',400000),('NA407','NA','SV01','VIP',4,'Available',1000000),('NA408','NA','SV03','VIP',4,'Booked',1000000),('NA409','NA','SV04','Normal',8,'Booked',400000),('NA501','NA','SV02','VIP',6,'Available',1000000),('NA502','NA','SV01','VIP',4,'Booked',1000000),('NA503','NA','SV04','VIP',3,'Available',1000000),('NA504','NA','SV01','Normal',5,'Booked',400000),('NA505','NA','SV05','Normal',5,'Available',400000),('NA506','NA','SV02','Normal',8,'Booked',400000),('NA507','NA','SV04','Normal',5,'Booked',400000),('NA508','NA','SV04','Normal',7,'Available',400000),('NA509','NA','SV05','Normal',4,'Booked',400000);
/*!40000 ALTER TABLE `Room` ENABLE KEYS */;
UNLOCK TABLES;

--
-- Table structure for table `Service`
--

DROP TABLE IF EXISTS `Service`;
/*!40101 SET @saved_cs_client     = @@character_set_client */;
/*!40101 SET character_set_client = utf8 */;
CREATE TABLE `Service` (
  `service_id` varchar(20) NOT NULL,
  `service_name` varchar(100) DEFAULT NULL,
  PRIMARY KEY (`service_id`)
) ENGINE=InnoDB DEFAULT CHARSET=latin1;
/*!40101 SET character_set_client = @saved_cs_client */;

--
-- Dumping data for table `Service`
--

LOCK TABLES `Service` WRITE;
/*!40000 ALTER TABLE `Service` DISABLE KEYS */;
INSERT INTO `Service` VALUES ('SV01','Swimming pool'),('SV02','Buffet'),('SV03','Gym and Fitness'),('SV04','Karaoke'),('SV05','Conference Room'),('SV06','Entertainment');
/*!40000 ALTER TABLE `Service` ENABLE KEYS */;
UNLOCK TABLES;
/*!40103 SET TIME_ZONE=@OLD_TIME_ZONE */;

/*!40101 SET SQL_MODE=@OLD_SQL_MODE */;
/*!40014 SET FOREIGN_KEY_CHECKS=@OLD_FOREIGN_KEY_CHECKS */;
/*!40014 SET UNIQUE_CHECKS=@OLD_UNIQUE_CHECKS */;
/*!40101 SET CHARACTER_SET_CLIENT=@OLD_CHARACTER_SET_CLIENT */;
/*!40101 SET CHARACTER_SET_RESULTS=@OLD_CHARACTER_SET_RESULTS */;
/*!40101 SET COLLATION_CONNECTION=@OLD_COLLATION_CONNECTION */;
/*!40111 SET SQL_NOTES=@OLD_SQL_NOTES */;

-- Dump completed on 2023-07-19  3:08:01
